Category,Name,Url
Flyweight,Jaime Alvarez,/fighter/jamie-Alvarez
Flyweight,Adam Antolin,/fighter/adam-Antolin
Flyweight,Marco Beltran,/fighter/marco-beltran
Flyweight,Joseph Benavidez,/fighter/joseph-Benavidez
Flyweight,Ryan Benoit,/fighter/ryan-Benoit
Flyweight,Magomed Bibulatov,/fighter/magomed-Bibulatov
Flyweight,Ray Borg,/fighter/ray-Borg
Flyweight,Jarred Brooks,/fighter/jarred-brooks
Flyweight,JP Buys,/fighter/JP-Buys
Flyweight,Carlos Candelario,/fighter/carlos-Candelario
Flyweight,Ronaldo Candido,/fighter/ronaldo-Candido
Flyweight,Henry Cejudo,/fighter/henry-Cejudo
Flyweight,Martin Day,/fighter/martin-Day
Flyweight,Carls John De Tomas,/fighter/carls-John-de-Tomas
Flyweight,Tim Elliott,/fighter/tim-Elliott
Flyweight,Jordan Espinosa,/fighter/jordan-Espinosa
Flyweight,Deiveson Figueiredo,/fighter/deiveson-Alcantara
Flyweight,Jussier Formiga,/fighter/jussier-formiga
Flyweight,Kevin  Gray,/fighter/kevin-Gray
Flyweight,CJ Hamilton,/fighter/CJ-Hamilton
Flyweight,Naoki Inoue,/fighter/naoki-Inoue
Flyweight,Demetrious Johnson,/fighter/demetrious-Johnson
Flyweight,Casey  Kenney,/fighter/casey-Kenney
Flyweight,Jenel Lausa,/fighter/jenel-lausa
Flyweight,Ian McCall,/fighter/ian-McCall
Flyweight,Ashkan Mokhtarian,/fighter/ashkan-Mokhtarian
Flyweight,John Moraga,/fighter/john-Moraga
Flyweight,Joseph Morales,/fighter/joseph-Morales
Flyweight,Brandon Moreno,/fighter/brandon-moreno
Flyweight,Ben Nguyen,/fighter/ben-nguyen
Flyweight,Matheus Nicolau,/fighter/matheus-nicolau
Flyweight,Dustin Ortiz,/fighter/dustin-Ortiz
Flyweight,Alexandre Pantoja,/fighter/alexandre-Pantoja
Flyweight,Alex Perez,/fighter/alex-Perez
Flyweight,Sergio Pettis,/fighter/sergio-Pettis
Flyweight,Wilson Reis,/fighter/wilson-Reis
Flyweight,Joby Sanchez,/fighter/joby-Sanchez
Flyweight,Roberto Sanchez,/fighter/roberto-sanchez
Flyweight,Hector Sandoval,/fighter/hector-sandoval
Flyweight,Ulka Sasaki,/fighter/yuta-Sasaki
Flyweight,Matt Schnell,/fighter/matt-schnell
Flyweight,Neil Seery,/fighter/neil-Seery
Flyweight,Eric Shelton,/fighter/eric-shelton
Flyweight,Louis Smolka,/fighter/louis-Smolka
Flyweight,Nick Urso,/fighter/nick-Urso
Flyweight,Manny Vazquez,/fighter/manny-Vazquez
Bantamweight,Iuri Alcantara,/fighter/iuri-Alcantara
Bantamweight,Thomas Almeida,/fighter/thomas-almeida
Bantamweight,Raphael Assuncao,/fighter/raphael-Assuncao
Bantamweight,Raoni Barcelos,/fighter/raoni-Barcelos
Bantamweight,Henry Briones,/fighter/henry-briones
Bantamweight,Guido Cannetti,/fighter/guido-cannetti
Bantamweight,Bryan Caraway,/fighter/bryan-Caraway
Bantamweight,John Castaneda,/fighter/john-Castaneda
Bantamweight,Dominick Cruz,/fighter/dominick-Cruz
Bantamweight,TJ Dillashaw,/fighter/TJ-Dillashaw
Bantamweight,John Dodson,/fighter/john-Dodson
Bantamweight,Tom Duquesnoy,/fighter/tom-Duquesnoy
Bantamweight,Merab Dvalishvili,/fighter/merab-Dvalishvili
Bantamweight,Johnny Eduardo,/fighter/johnny-Eduardo
Bantamweight,Rob Font,/fighter/rob-Font
Bantamweight,Donavon Frelow,/fighter/donavon-Frelow
Bantamweight,Mitch Gagnon,/fighter/mitch-Gagnon
Bantamweight,Cody Garbrandt,/fighter/cody-garbrandt
Bantamweight,Davey Grant,/fighter/david-Grant
Bantamweight,James Gray,/fighter/james-Gray
Bantamweight,Chris  Holdsworth,/fighter/chris-Holdsworth
Bantamweight,Brett Johns,/fighter/brett-johns
Bantamweight,Bharat Kandare,/fighter/bharat-Kandare
Bantamweight,Kyung Ho Kang,/fighter/kyung-Ho-Kang
Bantamweight,Brian Kelleher,/fighter/brian-Kelleher
Bantamweight,Alfred  Khashakyan,/fighter/alfred-Khashakyan
Bantamweight,Kwan Ho Kwak,/fighter/kwan-ho-kwak
Bantamweight,Cheyden  Leialoha,/fighter/cheyden-Leialoha
Bantamweight,John Lineker,/fighter/john-Lineker
Bantamweight,Pingyuan Liu,/fighter/pingyuan-Liu
Bantamweight,Benito Lopez,/fighter/benito-Lopez
Bantamweight,Matthew Lopez,/fighter/matthew-lopez
Bantamweight,Augusto Mendes,/fighter/augusto-Mendes
Bantamweight,Marlon Moraes,/fighter/marlon-moraes
Bantamweight,Albert Morales,/fighter/albert-Morales
Bantamweight,Pedro Munhoz,/fighter/pedro-Munhoz
Bantamweight,Sean O'Malley,/fighter/sean-O-Malley
Bantamweight,Alejandro Perez,/fighter/alejandro-perez
Bantamweight,Steven Peterson,/fighter/steven-Peterson
Bantamweight,Kyler  Phillips,/fighter/kyler-Phillips
Bantamweight,Jose Quinonez,/fighter/jose-quinonez
Bantamweight,Ricardo Ramos,/fighter/ricardo-ramos
Bantamweight,Jimmie Rivera,/fighter/jimmie-rivera
Bantamweight,Frankie Saenz,/fighter/frankie-Saenz
Bantamweight,Boston Salmon,/fighter/boston-Salmon
Bantamweight,Justin Scoggins,/fighter/justin-Scoggins
Bantamweight,Douglas Silva de A...,/fighter/douglas-Silva-de-Andrade
Bantamweight,Ricky Simon,/fighter/ricky-Simon
Bantamweight,Joe Soto,/fighter/joe-soto
Bantamweight,Andre Soukhamthath,/fighter/andre-Soukhamthath
Bantamweight,Cody Stamann,/fighter/cody-Stamann
Bantamweight,Damian Stasiak,/fighter/damian-stasiak
Bantamweight,Aljamain Sterling,/fighter/aljamain-Sterling
Bantamweight,Ricky Turcios,/fighter/ricky-Turcios
Bantamweight,Marlon Vera,/fighter/marlon-vera
Bantamweight,Patrick Williams,/fighter/patrick-Williams
Bantamweight,Eddie Wineland,/fighter/eddie-Wineland
Bantamweight,Rani Yahya,/fighter/rani-Yahya
Bantamweight,Norifumi Yamamoto,/fighter/norifumi-Yamamoto
Bantamweight,Aiemann Zahabi,/fighter/aiemann-zahabi
Featherweight,Jose Aldo,/fighter/jose-Aldo
Featherweight,Arnold Allen,/fighter/arnold-allen
Featherweight,Makwan Amirkhani,/fighter/makwan-amirkhani
Featherweight,Felipe Arantes,/fighter/felipe-Arantes
Featherweight,Julio Arce,/fighter/julio-Arce
Featherweight,Austin Arnett,/fighter/austin-Arnett
Featherweight,Humberto Bandenay,/fighter/humberto-Bandenay
Featherweight,Renan Barao,/fighter/renan-Barao
Featherweight,Enrique Barzola,/fighter/enrique-barzola
Featherweight,Mirsad Bektic,/fighter/mirsad-Bektic
Featherweight,Gabriel Benitez,/fighter/gabriel-benitez
Featherweight,Dennis Bermudez,/fighter/dennis-Bermudez
Featherweight,Matt Bessette,/fighter/matt-Bessette
Featherweight,Kyle Bochniak,/fighter/kyle-Bochniak
Featherweight,Wuliji Buren,/fighter/wuliji-Buren
Featherweight,Shane Burgos,/fighter/shane-burgos
Featherweight,Martin Buschkamp,/fighter/martin-Buschkamp
Featherweight,Alex Caceres,/fighter/alex-Caceres
Featherweight,Mark Cherico,/fighter/mark-Cherico
Featherweight,Dooho Choi,/fighter/dooho-Choi
Featherweight,Brandon  Davis,/fighter/brandon-Davis
Featherweight,Grant Dawson,/fighter/grant-Dawson
Featherweight,Adrian Diaz,/fighter/adrian-Diaz
Featherweight,Russell Doane,/fighter/russell-Doane
Featherweight,Rolando Dy,/fighter/rolando-Dy
Featherweight,Frankie Edgar,/fighter/frankie-Edgar
Featherweight,Darren Elkins,/fighter/darren-Elkins
Featherweight,Josh Emmett,/fighter/josh-emmett
Featherweight,Andre Fili,/fighter/andre-Fili
Featherweight,Luis Gomez,/fighter/luis-Raul-Gomez
Featherweight,Wang Guan,/fighter/wang-Guan
Featherweight,Clay Guida,/fighter/clay-Guida
Featherweight,Ryan Hall,/fighter/ryan-Hall
Featherweight,Jimy Hettes,/fighter/jim-Hettes
Featherweight,Mizuto Hirota,/fighter/mizuto-hirota
Featherweight,Max Holloway,/fighter/max-Holloway
Featherweight,Kurt Holobaugh,/fighter/kurt-holobaugh
Featherweight,Dan Hooker,/fighter/dan-Hooker
Featherweight,Dan Ige,/fighter/dan-Ige
Featherweight,Teruto Ishihara,/fighter/teruto-ishihara
Featherweight,Rony Jason,/fighter/rony-Jason
Featherweight,Chan Sung Jung,/fighter/chan-Sung-Jung
Featherweight,Myles Jury,/fighter/myles-Jury
Featherweight,Calvin Kattar,/fighter/calvin-Kattar
Featherweight,Jeremy Kennedy,/fighter/jeremy-kennedy
Featherweight,Jason Knight,/fighter/jason-knight
Featherweight,Ricardo Lamas,/fighter/ricardo-Lamas
Featherweight,Thanh  Le,/fighter/thanh-Le
Featherweight,Artem Lobov,/fighter/artem-Lobov
Featherweight,Zabit Magomedshari...,/fighter/zabit-Magomedsharipov
Featherweight,Gray Maynard,/fighter/gray-Maynard
Featherweight,Chad Mendes,/fighter/chad-Mendes
Featherweight,Renato Moicano,/fighter/renato-moicano
Featherweight,Sheymon Moraes,/fighter/sheymon-Moraes
Featherweight,Charles Oliveira,/fighter/charles-Oliveira
Featherweight,Brian Ortega,/fighter/brian-Ortega
Featherweight,BJ Penn,/fighter/BJ-Penn
Featherweight,Godofredo Pepey,/fighter/godofredo-Castro
Featherweight,Peter Petties,/fighter/peter-Petties
Featherweight,Diego Rivas,/fighter/diego-rivas
Featherweight,Yair Rodriguez,/fighter/yair-rodriguez
Featherweight,Charles Rosa,/fighter/charles-rosa
Featherweight,Luke Sanders,/fighter/luke-Sanders
Featherweight,Mike Santiago,/fighter/mike-Santiago
Featherweight,Dennis Siver,/fighter/dennis-Siver
Featherweight,Chas Skelly,/fighter/chas-Skelly
Featherweight,Jeremy Stephens,/fighter/jeremy-Stephens
Featherweight,Lazar  Stojadinovic,/fighter/lazar-Stojadinovic
Featherweight,Cub Swanson,/fighter/cub-Swanson
Featherweight,Gavin Tucker,/fighter/gavin-Tucker
Featherweight,Zubaira Tukhugov,/fighter/zubaira-Tukhugov
Featherweight,Alexander Volkanov...,/fighter/alex-volkanovski
Featherweight,Terrion Ware,/fighter/terrion-Ware
Featherweight,Song Yadong,/fighter/yadong-Song
Featherweight,Shane Young,/fighter/shane-Young
Lightweight,Eddie Alvarez,/fighter/eddie-alvarez
Lightweight,Thiago Alves,/fighter/thiago-Alves
Lightweight,Olivier Aubin-Merc...,/fighter/olivier-Aubin-Mercier
Lightweight,Tae Hyun Bang,/fighter/tae-Hyun-Bang
Lightweight,Edson  Barboza,/fighter/edson-Barboza
Lightweight,Martin Bravo,/fighter/martin-bravo
Lightweight,Will Brooks,/fighter/will-brooks
Lightweight,Damien Brown,/fighter/damien-brown
Lightweight,Mads Burnell,/fighter/mads-Burnell
Lightweight,Gilbert Burns,/fighter/gilbert-Burns
Lightweight,Frank Camacho,/fighter/frank-Camacho
Lightweight,Johnny Case,/fighter/johnny-Case
Lightweight,Michael Chiesa,/fighter/michael-Chiesa
Lightweight,Mitch Clarke,/fighter/mitch-Clarke
Lightweight,Beneil Dariush,/fighter/beneil-Dariush
Lightweight,Marc Diakiese,/fighter/marc-Diakiese
Lightweight,Hacran Dias,/fighter/hacran-Dias
Lightweight,Drew Dober,/fighter/drew-Dober
Lightweight,Joe Duffy,/fighter/joseph-duffy
Lightweight,Evan Dunham,/fighter/evan-Dunham
Lightweight,Joe Ellenberger,/fighter/joe-Ellenberger
Lightweight,Paul Felder,/fighter/paul-felder
Lightweight,Tony Ferguson,/fighter/tony-Ferguson
Lightweight,Diego Ferreira,/fighter/carlos-Diego-Ferreira
Lightweight,Luke Flores,/fighter/luke-Flores
Lightweight,Matt Frevola,/fighter/matt-Frevola
Lightweight,Justin Gaethje,/fighter/justin-Gaethje
Lightweight,Gregor Gillespie,/fighter/gregor-gillespie
Lightweight,Rick Glenn,/fighter/rick-glenn
Lightweight,Takanori Gomi,/fighter/takanori-Gomi
Lightweight,Jason Gonzalez,/fighter/jason-gonzalez
Lightweight,Jared Gordon,/fighter/jared-gordon
Lightweight,Thibault Gouti,/fighter/thibault-gouti
Lightweight,Bobby Green,/fighter/bobby-Green
Lightweight,Desmond Green,/fighter/desmond-green
Lightweight,Chris Gruetzemacher,/fighter/chris-Gruetzemacher
Lightweight,Damir Hadzovic,/fighter/damir-Hadzovic
Lightweight,Nasrat Haqparast,/fighter/nasrat-Haqparast
Lightweight,Nick Hein,/fighter/nick-Hein
Lightweight,Marcin Held,/fighter/marcin-Held
Lightweight,Danny Henry,/fighter/danny-Henry
Lightweight,Andrew Holbrook,/fighter/andrew-holbrook
Lightweight,Scott Holtzman,/fighter/scott-holtzman
Lightweight,Darrell Horcher,/fighter/darrell-horcher
Lightweight,Al Iaquinta,/fighter/al-Iaquinta
Lightweight,Kajan Johnson,/fighter/kajan-johnson
Lightweight,Michael Johnson,/fighter/michael-Johnson
Lightweight,Rustam Khabilov,/fighter/rustam-Khabilov
Lightweight,Dong Hyun Kim,/fighter/dong-hyun-the-mestro-kim
Lightweight,Drakkar Klose,/fighter/drakkar-klose
Lightweight,Erik Koch,/fighter/erik-Koch
Lightweight,Chad Laprise,/fighter/chad-laprise
Lightweight,Joe Lauzon,/fighter/joe-Lauzon
Lightweight,Mickael Lebout,/fighter/mickael-lebout
Lightweight,Kevin Lee,/fighter/kevin-Lee
Lightweight,Nik Lentz,/fighter/nik-Lentz
Lightweight,Reza Madadi,/fighter/reza-Madadi
Lightweight,Rashid Magomedov,/fighter/rashid-Magomedov
Lightweight,John  Makdessi,/fighter/john-makdessi
Lightweight,Islam Makhachev,/fighter/islam-makhachev
Lightweight,Tony Martin,/fighter/tony-Martin
Lightweight,Adriano Martins,/fighter/adriano-Martins
Lightweight,Michael McBride,/fighter/michael-mcbride
Lightweight,Conor McGregor,/fighter/conor-McGregor
Lightweight,Yancy Medeiros,/fighter/yancy-Medeiros
Lightweight,Gilbert Melendez,/fighter/gilbert-Melendez
Lightweight,Jim Miller,/fighter/jim-Miller
Lightweight,Magomed Mustafaev,/fighter/magomed-mustafaev
Lightweight,Sage Northcutt,/fighter/sage-northcutt
Lightweight,Khabib Nurmagomedov,/fighter/khabib-Nurmagomedov
Lightweight,Teemu Packalen,/fighter/teemu-packalen
Lightweight,Alan Patrick,/fighter/alan-Patrick
Lightweight,Ross Pearson,/fighter/ross-Pearson
Lightweight,Frankie Perez,/fighter/frankie-perez
Lightweight,Anthony Pettis,/fighter/anthony-Pettis
Lightweight,Vinc Pichel,/fighter/vinc-Pichel
Lightweight,Dustin Poirier,/fighter/dustin-Poirier
Lightweight,Devin Powell,/fighter/devin-powell
Lightweight,Michel Prazeres,/fighter/michel-Prazeres
Lightweight,Claudio Puelles,/fighter/claudio-puelles
Lightweight,Michel Quinones,/fighter/michael-quinones
Lightweight,Stevie Ray,/fighter/stevie-ray
Lightweight,Marco Polo Reyes,/fighter/polo-reyes
Lightweight,Jordan Rinaldi,/fighter/jordan-rinaldi
Lightweight,Jason Saggo,/fighter/jason-Saggo
Lightweight,Diego Sanchez,/fighter/diego-Sanchez
Lightweight,Leonardo Santos,/fighter/leonardo-santos
Lightweight,Felipe Silva,/fighter/felipe-silva
Lightweight,Joaquim Silva,/fighter/joaquim-silva
Lightweight,Mairbek Taisumov,/fighter/mairbek-Taisumov
Lightweight,Daniel Teymur,/fighter/daniel-Teymur
Lightweight,David Teymur,/fighter/david-Teymur
Lightweight,Gleison Tibau,/fighter/gleison-Tibau
Lightweight,Francisco Trinaldo,/fighter/francisco-Trinaldo
Lightweight,Abel Trujillo,/fighter/abel-Trujillo
Lightweight,Jon Tuck,/fighter/jon-Tuck
Lightweight,Lando Vannata,/fighter/landon-Vannata
Lightweight,James Vick,/fighter/james-Vick
Lightweight,Chris Wade,/fighter/chris-wade
Lightweight,Alex White,/fighter/alex-White
Lightweight,Matt Wiman,/fighter/matt-Wiman
Lightweight,Tiequan Zhang,/fighter/tiequan-Zhang
Welterweight,Daichi Abe,/fighter/daichi-Abe
Welterweight,Omari Akhmedov,/fighter/omari-Akhmedov
Welterweight,Yoshihiro Akiyama,/fighter/yoshihiro-Akiyama
Welterweight,Sultan Aliev,/fighter/sultan-aliev
Welterweight,Warlley Alves,/fighter/warlley-alves
Welterweight,Shinsho Anzai,/fighter/shinsho-anzai
Welterweight,Jessin Ayari,/fighter/jessin-Ayari
Welterweight,Siyar Bahadurzada,/fighter/siyar-Bahadurzada
Welterweight,Bryan Barberena,/fighter/bryan-Barberena
Welterweight,Galore Bofando,/fighter/galore-Bofando
Welterweight,Tom Breese,/fighter/tom-breese
Welterweight,Matt Brown,/fighter/matt-Brown
Welterweight,Randy Brown,/fighter/randy-Brown
Welterweight,Joshua Burkman,/fighter/josh-Burkman
Welterweight,Brian Camozzi,/fighter/brian-camozzi
Welterweight,Donald Cerrone,/fighter/donald-Cerrone
Welterweight,Luan Chagas,/fighter/luan-chagas
Welterweight,Carlos Condit,/fighter/carlos-Condit
Welterweight,Michael Cora,/fighter/michael-Cora
Welterweight,Colby Covington,/fighter/colby-Covington
Welterweight,Nathan Coy,/fighter/nathan-coy
Welterweight,Zak Cummings,/fighter/zak-Cummings
Welterweight,Nate Diaz,/fighter/nate-Diaz
Welterweight,Rafael Dos Anjos,/fighter/rafael-Dos-Anjos
Welterweight,Leon Edwards,/fighter/leon-edwards
Welterweight,Jake Ellenberger,/fighter/jake-Ellenberger
Welterweight,Oliver Enkamp,/fighter/oliver-Enkamp
Welterweight,Mickey Gall,/fighter/mickey-Gall
Welterweight,Tom Gallicchio,/fighter/tom-Gallicchio
Welterweight,Alex Garcia,/fighter/alex-Garcia
Welterweight,Lyman Good,/fighter/lyman-good
Welterweight,Max Griffin,/fighter/max-griffin
Welterweight,Dan Hardy,/fighter/dan-Hardy
Welterweight,John Hathaway,/fighter/john-Hathaway
Welterweight,Alvaro Herrera,/fighter/alvaro-herrera
Welterweight,Sabah Homasi,/fighter/sabah-homasi
Welterweight,Jason Jackson,/fighter/jason-jackson
Welterweight,Li Jingliang,/fighter/li-Jingliang
Welterweight,Alan Jouban,/fighter/alan-Jouban
Welterweight,Luke Jumeau,/fighter/luke-Jumeau
Welterweight,Song Kenan,/fighter/kenan-Song
Welterweight,Adam Khaliev,/fighter/adam-Khaliev
Welterweight,Dong Hyun Kim,/fighter/dong-Hyun-Kim
Welterweight,James Krause,/fighter/james-Krause
Welterweight,Pascal Krauss,/fighter/pascal-Krauss
Welterweight,Kiichi Kunimoto,/fighter/kiichi-Kunimoto
Welterweight,Ryan LaFlare,/fighter/ryan-LaFlare
Welterweight,Robbie Lawler,/fighter/robbie-Lawler
Welterweight,Hyun Gyu Lim,/fighter/hyun-Gyu-Lim
Welterweight,Dhiego Lima,/fighter/dhiego-lima
Welterweight,Hector Lombard,/fighter/hector-Lombard
Welterweight,Vicente Luque,/fighter/vicente-luque
Welterweight,Neil Magny,/fighter/neil-Magny
Welterweight,Demian Maia,/fighter/demian-Maia
Welterweight,Jorge Masvidal,/fighter/jorge-Masvidal
Welterweight,Jake Matthews,/fighter/jake-matthews
Welterweight,Court McGee,/fighter/court-McGee
Welterweight,Tim Means,/fighter/tim-Means
Welterweight,Emil Meek,/fighter/emil-Weber
Welterweight,Jordan Mein,/fighter/jordan-Mein
Welterweight,Jonathan Meunier,/fighter/jonathan-meunier
Welterweight,Alberto Mina,/fighter/alberto-Mina
Welterweight,Sergio Moraes,/fighter/sergio-Moraes
Welterweight,Alex Morono,/fighter/alex-Morono
Welterweight,Belal Muhammad,/fighter/belal-Muhammad
Welterweight,Nico Musoke,/fighter/nicholas-Musoke
Welterweight,Keita Nakamura,/fighter/keita-Nakamura
Welterweight,Bobby Nash,/fighter/bobby-nash
Welterweight,Gunnar Nelson,/fighter/gunnar-Nelson
Welterweight,Alex Oliveira,/fighter/alex-oliveira
Welterweight,Zak Ottow,/fighter/zak-ottow
Welterweight,Sidney Outlaw,/fighter/sidney-Outlaw
Welterweight,Mike Perry,/fighter/mike-perry
Welterweight,Santiago Ponzinibb...,/fighter/santiago-ponzinibbio
Welterweight,Niko Price,/fighter/niko-price
Welterweight,Joe Proctor,/fighter/joe-Proctor
Welterweight,CM Punk,/fighter/cm-punk
Welterweight,Mike Pyle,/fighter/mike-Pyle
Welterweight,Davi Ramos,/fighter/davi-ramos
Welterweight,Abdul Razak Alhass...,/fighter/abdul-Razak-Alhassan
Welterweight,Alex Reyes,/fighter/alex-reyes
Welterweight,Danny Roberts,/fighter/danny-roberts
Welterweight,Tarec Saffiedine,/fighter/tarec-Saffiedine
Welterweight,Muslim Salikhov,/fighter/muslim-Salikhov
Welterweight,Ben Saunders,/fighter/ben-Saunders
Welterweight,Claudio Silva,/fighter/claudio-Henrique-da-Silva
Welterweight,Erick Silva,/fighter/erick-Silva
Welterweight,Peter Sobotta,/fighter/peter-Sobotta
Welterweight,Dominique Steele,/fighter/dominique-steele
Welterweight,Kyle Stewart,/fighter/kyle-Stewart
Welterweight,Sean Strickland,/fighter/sean-Strickland
Welterweight,George Sullivan,/fighter/george-Sullivan
Welterweight,Nordine Taleb,/fighter/nordine-taleb
Welterweight,Stephen Thompson,/fighter/stephen-Thompson
Welterweight,Darren Till,/fighter/darren-till
Welterweight,. To Be Determined,/fighter/to-Be-Determined
Welterweight,Salim Touahri,/fighter/salim-Touahri
Welterweight,Kamaru Usman,/fighter/kamarudeen-usman
Welterweight,Bojan Velickovic,/fighter/bojan-velickovic
Welterweight,Jimmy Wallhead,/fighter/jim-wallhead
Welterweight,Charlie Ward,/fighter/charlie-ward
Welterweight,Sheldon Westcott,/fighter/sheldon-westcott
Welterweight,Tyron Woodley,/fighter/tyron-Woodley
Welterweight,Alexander Yakovlev,/fighter/alexander-Yakovlev
Welterweight,Elizeu Zaleski dos...,/fighter/elizeu-zaleski-dos-santos
Middleweight,Sam Alvey,/fighter/sam-Alvey
Middleweight,Eryk Anders,/fighter/eryk-Anders
Middleweight,Abu Azaitar,/fighter/abu-Azaitar
Middleweight,Oluwale Bamgbose,/fighter/oluwale-bamgbose
Middleweight,Vitor Belfort,/fighter/vitor-Belfort
Middleweight,Keith Berish,/fighter/keith-Berish
Middleweight,Michael Bisping,/fighter/michael-Bisping
Middleweight,Tim Boetsch,/fighter/tim-Boetsch
Middleweight,David Branch,/fighter/dave-Branch
Middleweight,Derek Brunson,/fighter/derek-Brunson
Middleweight,Charles Byrd,/fighter/charles-Byrd
Middleweight,Chris Camozzi,/fighter/chris-Camozzi
Middleweight,Antonio Carlos Jun...,/fighter/antonio-carlos
Middleweight,Magnus Cedenblad,/fighter/magnus-Cedenblad
Middleweight,Gabriel Checco,/fighter/gabriel-Checco
Middleweight,Paulo Costa,/fighter/paulo-henrique-costa
Middleweight,Alessio Di Chirico,/fighter/alessio-di-chirico
Middleweight,Nick Diaz,/fighter/nick-Diaz
Middleweight,Ramazan Emeev,/fighter/ramazan-Emeev
Middleweight,Rashad Evans,/fighter/rashad-Evans
Middleweight,Cezar Ferreira,/fighter/cezar-Ferreira
Middleweight,Kelvin Gastelum,/fighter/kelvin-Gastelum
Middleweight,Marcelo Guimaraes,/fighter/marcelo-Guimaraes
Middleweight,Uriah Hall,/fighter/uriah-Hall
Middleweight,Phillip Hawes,/fighter/phillip-Hawes
Middleweight,Johny Hendricks,/fighter/johny-Hendricks
Middleweight,Jack Hermansson,/fighter/jack-hermansson
Middleweight,Ryan Janes,/fighter/ryan-janes
Middleweight,Justin Jones,/fighter/justin-Jones
Middleweight,Krzysztof Jotko,/fighter/krzysztof-Jotko
Middleweight,Daniel Kelly,/fighter/dan-Kelly
Middleweight,Thales Leites,/fighter/thales-Leites
Middleweight,Bevon Lewis,/fighter/bevon-Lewis
Middleweight,Lyoto Machida,/fighter/lyoto-Machida
Middleweight,Nate Marquardt,/fighter/nate-Marquardt
Middleweight,Julian Marquez,/fighter/julian-Marquez
Middleweight,Jack Marshman,/fighter/jack-harshman
Middleweight,Gerald Meerschaert,/fighter/gerald-meerschaert
Middleweight,Vitor Miranda,/fighter/vitor-miranda
Middleweight,Rafael Natal,/fighter/rafael-natal
Middleweight,Geoff Neal,/fighter/geoff-Neal
Middleweight,Antonio Braga Neto,/fighter/antonio-Braga-Neto
Middleweight,Alex Nicholson,/fighter/alex-nicholson
Middleweight,Markus Perez,/fighter/markus-Perez
Middleweight,Jamie Pickett,/fighter/jamie-Pickett
Middleweight,Oskar Piechota,/fighter/oskar-Piechota
Middleweight,Karl Roberson,/fighter/karl-Roberson
Middleweight,Luke Rockhold,/fighter/luke-Rockhold
Middleweight,Yoel Romero,/fighter/yoel-Romero
Middleweight,Josh Samman,/fighter/josh-Samman
Middleweight,Andrew Sanchez,/fighter/andrew-sanchez
Middleweight,Thiago Santos,/fighter/thiago-Santos
Middleweight,Bradley Scott,/fighter/brad-scott
Middleweight,Anderson Silva,/fighter/anderson-Silva
Middleweight,Anthony Smith,/fighter/anthony-Smith
Middleweight,Trevor Smith,/fighter/trevor-Smith
Middleweight,Ronaldo Souza,/fighter/ronaldo-Souza
Middleweight,Eric Spicely,/fighter/eric-spicely
Middleweight,Georges St-Pierre,/fighter/georges-St-Pierre
Middleweight,Darren Stewart,/fighter/darren-Stewart
Middleweight,Brad Tavares,/fighter/brad-Tavares
Middleweight,Jesse Taylor,/fighter/jesse-Taylor
Middleweight,Elias Theodorou,/fighter/elias-theodorou
Middleweight,Alberto Uda,/fighter/alberto-uda
Middleweight,Marvin Vettori,/fighter/marvin-vettori
Middleweight,Chase Waldon,/fighter/chase-Waldon
Middleweight,Randall Wallace,/fighter/randall-Wallace
Middleweight,Chris Weidman,/fighter/chris-Weidman
Middleweight,Robert Whittaker,/fighter/robert-whittaker
Middleweight,Rob Wilkinson,/fighter/rob-Wilkinson
Middleweight,Jonathan Wilson,/fighter/jonathan-wilson
Light_Heavyweight,Corey Anderson,/fighter/corey-anderson
Light_Heavyweight,Gadzhimurad Antigu...,/fighter/gadzhimurad-Antigulov
Light_Heavyweight,Francimar Barroso,/fighter/francimar-Barroso
Light_Heavyweight,Anton Berzin,/fighter/anton-berzin
Light_Heavyweight,Jan Blachowicz,/fighter/jan-Blachowicz
Light_Heavyweight,James Bochnovic,/fighter/james-Bochnovic
Light_Heavyweight,Steve Bosse,/fighter/steve-Bosse
Light_Heavyweight,Jared Cannonier,/fighter/jared-cannonier
Light_Heavyweight,Joachim Christensen,/fighter/joachim-christensen
Light_Heavyweight,Misha Cirkunov,/fighter/misha-cirkunov
Light_Heavyweight,Devin Clark,/fighter/devin-clark
Light_Heavyweight,Jake Collier,/fighter/jake-collier
Light_Heavyweight,Daniel Cormier,/fighter/daniel-Cormier
Light_Heavyweight,Paul Craig,/fighter/paul-craig
Light_Heavyweight,Patrick Cummins,/fighter/patrick-Cummins
Light_Heavyweight,Ion Cutelaba,/fighter/ion-cutelaba
Light_Heavyweight,Henrique da Silva,/fighter/luiz-henrique-da-silva
Light_Heavyweight,Angel De Anda,/fighter/angel-De-Anda
Light_Heavyweight,Marcos Rogerio De ...,/fighter/marcus-rogerio-de-lima
Light_Heavyweight,CB Dollaway,/fighter/CB-Dollaway
Light_Heavyweight,Abdul-Kerim Edilov,/fighter/abdul-kerim-edilov
Light_Heavyweight,Marcel Fortuna,/fighter/marcel-Fortuna
Light_Heavyweight,Trevin Giles,/fighter/trevin-Giles
Light_Heavyweight,Alexander Gustafss...,/fighter/alexander-Gustafsson
Light_Heavyweight,Ed Herman,/fighter/ed-Herman
Light_Heavyweight,Jordan Johnson,/fighter/jordan-Johnson
Light_Heavyweight,Daniel Jolly,/fighter/daniel-Jolly
Light_Heavyweight,Jamelle Jones,/fighter/jamelle-Jones
Light_Heavyweight,Jon Jones,/fighter/jon-Jones
Light_Heavyweight,Jeremy Kimball,/fighter/jeremy-Kimball
Light_Heavyweight,Ilir Latifi,/fighter/ilir-Latifi
Light_Heavyweight,Tom Lawlor,/fighter/tom-Lawlor
Light_Heavyweight,Jimi Manuwa,/fighter/jimi-Manuwa
Light_Heavyweight,Alonzo Menifield,/fighter/alonzo-Menifield
Light_Heavyweight,Azamat Murzakanov,/fighter/azamat-Murzakanov
Light_Heavyweight,Antonio Rogerio No...,/fighter/antonio-Rogerio-Nogueira
Light_Heavyweight,Kennedy Nzechukwu,/fighter/kennedy-Nzechukwu
Light_Heavyweight,Volkan Oezdemir,/fighter/volkan-Oezdemir
Light_Heavyweight,Yushin Okami,/fighter/yushin-Okami
Light_Heavyweight,Michal Oleksiejczuk,/fighter/michael-Oleksiejczuk
Light_Heavyweight,Cameron Olson,/fighter/cameron-Olson
Light_Heavyweight,Tyson Pedro,/fighter/tyson-pedro
Light_Heavyweight,John Phillips,/fighter/john-phillips
Light_Heavyweight,Igor Pokrajac,/fighter/igor-Pokrajac
Light_Heavyweight,Aleksandar Rakic,/fighter/aleksandar-Rakic
Light_Heavyweight,Karl Reed,/fighter/karl-Reed
Light_Heavyweight,Dominick Reyes,/fighter/dominick-Reyes
Light_Heavyweight,Michael Rodriguez,/fighter/michael-Rodriguez
Light_Heavyweight,Nick Roehrick,/fighter/nick-Roehrick
Light_Heavyweight,Khalil Rountree Jr.,/fighter/khalil-rountree
Light_Heavyweight,Mauricio Rua,/fighter/mauricio-Rua
Light_Heavyweight,Saparbek Safarov,/fighter/saparbek-safarov
Light_Heavyweight,Ovince Saint Preux,/fighter/ovince-St-Preux
Light_Heavyweight,Gokhan Saki,/fighter/gokhan-Saki
Light_Heavyweight,Ryan Spann,/fighter/ryan-Spann
Light_Heavyweight,Daniel Spohn,/fighter/daniel-Spohn
Light_Heavyweight,Joshua Stansbury,/fighter/joshua-stansbury
Light_Heavyweight,Glover Teixeira,/fighter/glover-Teixeira
Light_Heavyweight,Elias Urbina,/fighter/elias-urbina
Light_Heavyweight,Gian Villante,/fighter/gian-Villante
Heavyweight,Shamil Abdurakhimov,/fighter/shamil-abdurakhimov
Heavyweight,Junior Albini,/fighter/junior-Albini
Heavyweight,Zu Anyanwu,/fighter/zu-Anyanwu
Heavyweight,Andrei Arlovski,/fighter/andrei-Arlovski
Heavyweight,Cyril Asker,/fighter/cyril-asker
Heavyweight,Josh Barnett,/fighter/josh-Barnett
Heavyweight,Curtis Blaydes,/fighter/curtis-Blaydes
Heavyweight,Travis Browne,/fighter/travis-Browne
Heavyweight,Christian Colombo,/fighter/christian-colombo
Heavyweight,Rashad Coulter,/fighter/rashad-Coulter
Heavyweight,Allen Crowder,/fighter/allen-Crowder
Heavyweight,Jarjis Danho,/fighter/jarjis-Danho
Heavyweight,Chris De La Rocha,/fighter/chris-de-la-rocha
Heavyweight,Junior Dos Santos,/fighter/junior-Dos-Santos
Heavyweight,Todd Duffee,/fighter/todd-Duffee
Heavyweight,Carlos Felipe,/fighter/carlos-Felipe
Heavyweight,Mark Godbeer,/fighter/mark-godbeer
Heavyweight,Marcelo Golm,/fighter/marcelo-Golm
Heavyweight,Damian Grabowski,/fighter/damian-Grabowski
Heavyweight,Shelton  Graves,/fighter/shelton-Graves
Heavyweight,Anthony Hamilton,/fighter/anthony-Hamilton
Heavyweight,Walt Harris,/fighter/walt-Harris
Heavyweight,Luis Henrique,/fighter/luis-henrique
Heavyweight,Mark Hunt,/fighter/mark-hunt
Heavyweight,Timothy Johnson,/fighter/timothy-johnson
Heavyweight,Justin Ledet,/fighter/justin-ledet
Heavyweight,Derrick Lewis,/fighter/derrick-Lewis
Heavyweight,Ruslan Magomedov,/fighter/ruslan-Magomedov
Heavyweight,Don'Tale Mayes,/fighter/don-Tale-Mayes
Heavyweight,Bojan Mihajlovic,/fighter/bojan-mihajlovic
Heavyweight,Adam Milstead,/fighter/adam-milstead
Heavyweight,Stipe Miocic,/fighter/stipe-Miocic
Heavyweight,Frank Mir,/fighter/frank-Mir
Heavyweight,James Mulheron,/fighter/james-Mulheron
Heavyweight,Roy Nelson,/fighter/roy-Nelson
Heavyweight,Francis Ngannou,/fighter/francis-ngannou
Heavyweight,Aleksei Oleinik,/fighter/oleksiy-Oliynyk
Heavyweight,Daniel Omielanczuk,/fighter/daniel-Omielanczuk
Heavyweight,Alistair Overeem,/fighter/alistair-Overeem
Heavyweight,Dmitry Poberezhets,/fighter/dmitry-Poberezhets
Heavyweight,Greg Rebello,/fighter/greg-rebello
Heavyweight,Ben Rothwell,/fighter/ben-Rothwell
Heavyweight,Chase Sherman,/fighter/chase-sherman
Heavyweight,Everett Sims,/fighter/everett-Sims
Heavyweight,Arjan Singh Bhullar,/fighter/arjan-Bhullar
Heavyweight,Dmitrii Smoliakov,/fighter/dmitry-smolyakov
Heavyweight,Dmitriy Sosnovskiy,/fighter/dmitriy-Sosnovskiy
Heavyweight,Daniel Spitz,/fighter/daniel-spitz
Heavyweight,Stefan Struve,/fighter/stefan-Struve
Heavyweight,Tai Tuivasa,/fighter/tai-Tuivasa
Heavyweight,Marcin Tybura,/fighter/marcin-tybura
Heavyweight,Cain Velasquez,/fighter/cain-Velasquez
Heavyweight,Alexander Volkov,/fighter/alexander-volkov
Heavyweight,Fabricio Werdum,/fighter/fabricio-Werdum
Heavyweight,Adam Wieczorek,/fighter/adam-Wieczorek
Heavyweight,Justin Willis,/fighter/justin-Willis
Heavyweight,Hu Yaozong,/fighter/yaozong-Hu
