Category,Name,Url,Image
Flyweight,Jaime Alvarez,/fighter/jamie-Alvarez,//media.ufc.tv/fighter_images/Jamie_Alvarez/ALVAREZ_JAMIE.png
Flyweight,Adam Antolin,/fighter/adam-Antolin,//media.ufc.tv/fighter_images/Adam_Antolin/ANTOLIN_ADAM.png
Flyweight,Marco Beltran,/fighter/marco-beltran,//media.ufc.tv/fighter_images/Marco_Beltran/BELTRAN_MARCO.png
Flyweight,Joseph Benavidez,/fighter/joseph-Benavidez,//media.ufc.tv/fighter_images/Joseph_Benavidez/BENAVIDEZ_JOSEPH.png
Flyweight,Ryan Benoit,/fighter/ryan-Benoit,//media.ufc.tv/fighter_images/Ryan_Benoit/BENOIT_RYAN.png
Flyweight,Magomed Bibulatov,/fighter/magomed-Bibulatov,//media.ufc.tv/fighter_images/Magomedov_Bibulatov/BIBULATVO_MAGOMED.png
Flyweight,Ray Borg,/fighter/ray-Borg,//media.ufc.tv/fighter_images/Ray_Borg/BORG_RAY.png
Flyweight,Jarred Brooks,/fighter/jarred-brooks,//media.ufc.tv/fighter_images/Jarred_Brooks/BROOKS_JARRED.png
Flyweight,JP Buys,/fighter/JP-Buys,//media.ufc.tv/fighter_images/JP_Buys/BUYS_JP.png
Flyweight,Carlos Candelario,/fighter/carlos-Candelario,//media.ufc.tv/fighter_images/Carlos_Candelario/CANDELARIO_CARLOS.png
Flyweight,Ronaldo Candido,/fighter/ronaldo-Candido,//media.ufc.tv/fighter_images/Ronaldo_Candido/CANDIDO_RONALDO.png
Flyweight,Henry Cejudo,/fighter/henry-Cejudo,//media.ufc.tv/fighter_images/Henry_Cejudo/CEJUDO_HENRY.png
Flyweight,Martin Day,/fighter/martin-Day,//media.ufc.tv/fighter_images/Martin_Day/DAY_MARTIN.png
Flyweight,Carls John De Tomas,/fighter/carls-John-de-Tomas,//media.ufc.tv/fighter_images/Carls_John_De_Tomas/DE_TOMAS_CARLS-JOHN_singapore.png
Flyweight,Tim Elliott,/fighter/tim-Elliott,//media.ufc.tv/fighter_images/Tim_Elliott/ELLIOTT_TIM.png
Flyweight,Jordan Espinosa,/fighter/jordan-Espinosa,//media.ufc.tv/fighter_images/Jordan_Espinoza/ESPINOSA_JORDAN.png
Flyweight,Deiveson Figueiredo,/fighter/deiveson-Alcantara,//media.ufc.tv/fighter_images/Deiveson_Figueiredo/FIGUEIREDO_DEIVESON.png
Flyweight,Jussier Formiga,/fighter/jussier-formiga,//media.ufc.tv/fighter_images//Jussier_Formiga/1FORMIGA_JUSSIER.png
Flyweight,Kevin  Gray,/fighter/kevin-Gray,//media.ufc.tv/fighter_images/Kevin_Gray/GRAY_KEVIN.png
Flyweight,CJ Hamilton,/fighter/CJ-Hamilton,//media.ufc.tv/fighter_images/CJ_Hamilton/HAMILTON_CJ.png
Flyweight,Naoki Inoue,/fighter/naoki-Inoue,//media.ufc.tv/fighter_images/Naoki_Inoue/INOUE_NAOKI_singapore.png
Flyweight,Demetrious Johnson,/fighter/demetrious-Johnson,//media.ufc.tv/fighter_images/Demitrious_Johnson/JOHNSON_DEMETRIOUS_BELT_LS.png
Flyweight,Casey  Kenney,/fighter/casey-Kenney,//media.ufc.tv/fighter_images/Casey_Kenney/KENNEY_CASEY.png
Flyweight,Jenel Lausa,/fighter/jenel-lausa,//media.ufc.tv/fighter_images/Jenel_Lausa/LAUSA_JENEL.png
Flyweight,Ian McCall,/fighter/ian-McCall,//media.ufc.tv/fighter_images/Ian_McCall/MCCALL_IAN.png
Flyweight,Ashkan Mokhtarian,/fighter/ashkan-Mokhtarian,//media.ufc.tv/fighter_images/Ashkan_Mokhtarian/MOKHTARIAN_ASHKAN.png
Flyweight,John Moraga,/fighter/john-Moraga,//media.ufc.tv/fighter_images/John_Moraga/MORAGA_JOHN.png
Flyweight,Joseph Morales,/fighter/joseph-Morales,//media.ufc.tv/fighter_images/Joseph_Morales/MORALES_JOSEPH.png
Flyweight,Brandon Moreno,/fighter/brandon-moreno,//media.ufc.tv/fighter_images/Brandon_Moreno/MORENO_BRANDON.png
Flyweight,Ben Nguyen,/fighter/ben-nguyen,//media.ufc.tv/fighter_images/Ben_Nguyen/NGUYEN_BEN.png
Flyweight,Matheus Nicolau,/fighter/matheus-nicolau,//media.ufc.tv/fighter_images/Matheus_Nicolau/NICOLAU_MATHEUS.png
Flyweight,Dustin Ortiz,/fighter/dustin-Ortiz,//media.ufc.tv/fighter_images/Dustin_Ortiz/ORTIZ_DUSTIN_NASHVILLE.png
Flyweight,Alexandre Pantoja,/fighter/alexandre-Pantoja,//media.ufc.tv/fighter_images/Alexandre_Pantoja/PANTOJA_ALEXANDRE.png
Flyweight,Alex Perez,/fighter/alex-Perez,//media.ufc.tv/fighter_images/Alex_Perez/PEREZ_ALEX.png
Flyweight,Sergio Pettis,/fighter/sergio-Pettis,//media.ufc.tv/fighter_images/Sergio_Pettis/PETTIS_SERGIO_211.png
Flyweight,Wilson Reis,/fighter/wilson-Reis,//media.ufc.tv/fighter_images/Wilson_Reis/REIS_WILSON.png
Flyweight,Joby Sanchez,/fighter/joby-Sanchez,//media.ufc.tv/fighter_images/Joby_Sanchez/SANCHEZ_JOBY_contedarSeries.png
Flyweight,Roberto Sanchez,/fighter/roberto-sanchez,//media.ufc.tv/fighter_images/Roberto_Sanchez/SANCHEZ_ROBERTO.png
Flyweight,Hector Sandoval,/fighter/hector-sandoval,//media.ufc.tv/fighter_images/Hector_Sandoval/SANDOVAL_HECTOR_NASHVILLE.png
Flyweight,Ulka Sasaki,/fighter/yuta-Sasaki,//media.ufc.tv/fighter_images//Ulka_Sasaki/1SASAKI_ULKA.png
Flyweight,Matt Schnell,/fighter/matt-schnell,//media.ufc.tv/fighter_images/Matt_Schnell/SCHNELL_MATT.png
Flyweight,Neil Seery,/fighter/neil-Seery,//media.ufc.tv/fighter_images/Neil_Seery/SEERY_NEIL.png
Flyweight,Eric Shelton,/fighter/eric-shelton,//media.ufc.tv/fighter_images/Eric_Shelton/SHELTON_ERIC.png
Flyweight,Louis Smolka,/fighter/louis-Smolka,//media.ufc.tv/fighter_images/Louis_Smolka/SMOLKA_LOUIS.png
Flyweight,Nick Urso,/fighter/nick-Urso,//media.ufc.tv/fighter_images/Nick_Urso/URSO_NICK.png
Flyweight,Manny Vazquez,/fighter/manny-Vazquez,//media.ufc.tv/fighter_images/Manny_Vazquez/VASQUEZ_MANNY.png
Bantamweight,Iuri Alcantara,/fighter/iuri-Alcantara,//media.ufc.tv/fighter_images/Iuri_Alcantara/ALCANTARA_IURI_UFC212.png
Bantamweight,Thomas Almeida,/fighter/thomas-almeida,//media.ufc.tv/fighter_images/Thomas_Almeida/ALMEIDA_THOMAS.png
Bantamweight,Raphael Assuncao,/fighter/raphael-Assuncao,//media.ufc.tv/fighter_images/Raphael_Assuncao/ASSUNCAO_RAPHAEL.png
Bantamweight,Raoni Barcelos,/fighter/raoni-Barcelos,//media.ufc.tv/fighter_images//ComingSoon/comingsoon_headshot_odopod.png
Bantamweight,Henry Briones,/fighter/henry-briones,//media.ufc.tv/fighter_images/Henry_Briones/BRIONES_HENRY.png
Bantamweight,Guido Cannetti,/fighter/guido-cannetti,//media.ufc.tv/fighter_images/Guido_Canetti/CANNETTI_GUIDO.png
Bantamweight,Bryan Caraway,/fighter/bryan-Caraway,//media.ufc.tv/fighter_images//Bryan_Caraway/CARAWAY_BRYAN.png
Bantamweight,John Castaneda,/fighter/john-Castaneda,//media.ufc.tv/fighter_images/John_Castaned/CASTANEDA_JOHN.png
Bantamweight,Dominick Cruz,/fighter/dominick-Cruz,//media.ufc.tv/fighter_images/Dominick_Cruz/DominickCruz_Headshot.png
Bantamweight,TJ Dillashaw,/fighter/TJ-Dillashaw,//media.ufc.tv/fighter_images/TJ_Dillashaw/DILLASHAW_TJ.png
Bantamweight,John Dodson,/fighter/john-Dodson,//media.ufc.tv/fighter_images/John_Dodson/DODSON_JOHN.png
Bantamweight,Tom Duquesnoy,/fighter/tom-Duquesnoy,//media.ufc.tv/fighter_images/Tom_Duquesnoy/DUQUESNOY_TOM.png
Bantamweight,Merab Dvalishvili,/fighter/merab-Dvalishvili,//media.ufc.tv/fighter_images//ComingSoon/comingsoon_headshot_odopod.png
Bantamweight,Johnny Eduardo,/fighter/johnny-Eduardo,//media.ufc.tv/fighter_images/Johnny_Eduardo/EDUARDO_JOHNNY_ufc212.png
Bantamweight,Rob Font,/fighter/rob-Font,//media.ufc.tv/fighter_images/Rob_Font/FONT_ROB.png
Bantamweight,Donavon Frelow,/fighter/donavon-Frelow,//media.ufc.tv/fighter_images/Donovan_Frelow/FRELOW_DONOVAN.png
Bantamweight,Mitch Gagnon,/fighter/mitch-Gagnon,//media.ufc.tv/fighter_images/Mitch_Gagnon/GAGNON_MITCH.png
Bantamweight,Cody Garbrandt,/fighter/cody-garbrandt,//media.ufc.tv/fighter_images/Cody_Garbrandt/GARBRANDT_CODY.png
Bantamweight,Davey Grant,/fighter/david-Grant,//media.ufc.tv/fighter_images/David_Grant/GRANT_DAVEY.png
Bantamweight,James Gray,/fighter/james-Gray,//media.ufc.tv/fighter_images/James_Gray/GRAY_JAMES.png
Bantamweight,Chris  Holdsworth,/fighter/chris-Holdsworth,//media.ufc.tv/fighter_images/Chris_Holdsworth/ChrisHoldsworth_Headshot.png
Bantamweight,Brett Johns,/fighter/brett-johns,//media.ufc.tv/fighter_images/Brett_Johns/JOHNS_BRETT.png
Bantamweight,Bharat Kandare,/fighter/bharat-Kandare,//media.ufc.tv/fighter_images/Bharat_Kandare/KHANDARE_BHARAT.png
Bantamweight,Kyung Ho Kang,/fighter/kyung-Ho-Kang,//media.ufc.tv/fighter_images/Kyung_Ho_Kang/KyungHoKang_Headshot.png
Bantamweight,Brian Kelleher,/fighter/brian-Kelleher,//media.ufc.tv/fighter_images/Brian_Kelleher/KELLEHER_BRIAN.png
Bantamweight,Alfred  Khashakyan,/fighter/alfred-Khashakyan,//media.ufc.tv/fighter_images/Alfred_Khashakyan/KHASHAKYAN_ALFRED.png
Bantamweight,Kwan Ho Kwak,/fighter/kwan-ho-kwak,//media.ufc.tv/fighter_images/Kwan_Ho_Kwak/KWAK_KWAN_HO_singapore.png
Bantamweight,Cheyden  Leialoha,/fighter/cheyden-Leialoha,//media.ufc.tv/fighter_images/Cheyden_Leialoha/LEIALOHA_CHEYDEN.png
Bantamweight,John Lineker,/fighter/john-Lineker,//media.ufc.tv/fighter_images/John_Lineker/LINEKER_JOHN.png
Bantamweight,Pingyuan Liu,/fighter/pingyuan-Liu,//media.ufc.tv/fighter_images//ComingSoon/comingsoon_headshot_odopod.png
Bantamweight,Benito Lopez,/fighter/benito-Lopez,//media.ufc.tv/fighter_images/Benito_Lopez/LOPEZ_BENITO.png
Bantamweight,Matthew Lopez,/fighter/matthew-lopez,//media.ufc.tv/fighter_images/Matthew_Lopez/LOPEZ_MATT.png
Bantamweight,Augusto Mendes,/fighter/augusto-Mendes,//media.ufc.tv/fighter_images/Augusto_Mendes/MENDES_AUGUSTO.png
Bantamweight,Marlon Moraes,/fighter/marlon-moraes,//media.ufc.tv/fighter_images/Marlon_Moraes/MORAES_MARLON.png
Bantamweight,Albert Morales,/fighter/albert-Morales,//media.ufc.tv/fighter_images/Albert_Morales/MORALES_ALBERT.png
Bantamweight,Pedro Munhoz,/fighter/pedro-Munhoz,//media.ufc.tv/fighter_images/Pedro_Munhoz/MUNHOZ_PEDRO.png
Bantamweight,Sean O'Malley,/fighter/sean-O-Malley,//media.ufc.tv/fighter_images/Sean_Omalley/omalley_sean.png
Bantamweight,Alejandro Perez,/fighter/alejandro-perez,//media.ufc.tv/fighter_images/Alejandro_Perez/PEREZ_ALEJANDRO.png
Bantamweight,Steven Peterson,/fighter/steven-Peterson,//media.ufc.tv/fighter_images/Steven_Peterson/PETERSON_STEVEN.png
Bantamweight,Kyler  Phillips,/fighter/kyler-Phillips,//media.ufc.tv/fighter_images/Kyler_Phillips/PHILLIPS_KYLER.png
Bantamweight,Jose Quinonez,/fighter/jose-quinonez,//media.ufc.tv/fighter_images/Jose_Quinonez/QUINONEZ_JOSE.png
Bantamweight,Ricardo Ramos,/fighter/ricardo-ramos,//media.ufc.tv/fighter_images/Ricardo_Ramos/RAMOS_RICARDO.png
Bantamweight,Jimmie Rivera,/fighter/jimmie-rivera,//media.ufc.tv/fighter_images/Jimmie_Rivera/RIVERA_JIMMIE.png
Bantamweight,Frankie Saenz,/fighter/frankie-Saenz,//media.ufc.tv/fighter_images/Frankie_Saenz/SAENZ_FRANKIE.png
Bantamweight,Boston Salmon,/fighter/boston-Salmon,//media.ufc.tv/fighter_images/Boston_Salmon/SALMON_BOSTON.png
Bantamweight,Justin Scoggins,/fighter/justin-Scoggins,//media.ufc.tv/fighter_images/Justin_Scoggins/SCOGGINS_JUSTIN_singapore.png
Bantamweight,Douglas Silva de A...,/fighter/douglas-Silva-de-Andrade,//media.ufc.tv/fighter_images/Douglas_Silva_de_Andrade/SILVA-DE-ANDRADE_DOUGLAS.png
Bantamweight,Ricky Simon,/fighter/ricky-Simon,//media.ufc.tv/fighter_images/Ricky_Simon2/SIMON_RICKY.png
Bantamweight,Joe Soto,/fighter/joe-soto,//media.ufc.tv/fighter_images/Joe_Soto/SOTO_JOE.png
Bantamweight,Andre Soukhamthath,/fighter/andre-Soukhamthath,//media.ufc.tv/fighter_images/Andre_Soukhamthath/SOUKHAMTHATH_ANDRE.png
Bantamweight,Cody Stamann,/fighter/cody-Stamann,//media.ufc.tv/fighter_images/cody_stamann/STAMANN_CODY.png
Bantamweight,Damian Stasiak,/fighter/damian-stasiak,//media.ufc.tv/fighter_images/Damian_Stasiak/STASIAK_DAMIAN.png
Bantamweight,Aljamain Sterling,/fighter/aljamain-Sterling,//media.ufc.tv/fighter_images/Aljamain_Sterling/STERLING_ALJAMAIN.png
Bantamweight,Ricky Turcios,/fighter/ricky-Turcios,//media.ufc.tv/fighter_images/Ricky_Turcios/TURCIOS_RICKY.png
Bantamweight,Marlon Vera,/fighter/marlon-vera,//media.ufc.tv/fighter_images/Marlon_Vera/VERA_MARLON.png
Bantamweight,Patrick Williams,/fighter/patrick-Williams,//media.ufc.tv/fighter_images/Patrick_Williams/PatrickWilliams_Headshot.png
Bantamweight,Eddie Wineland,/fighter/eddie-Wineland,//media.ufc.tv/fighter_images/Eddie_Wineland/WINELAND_EDDIE.png
Bantamweight,Rani Yahya,/fighter/rani-Yahya,//media.ufc.tv/fighter_images/Rani_Yahya/YAHYA_RANI_AD.png
Bantamweight,Norifumi Yamamoto,/fighter/norifumi-Yamamoto,//media.ufc.tv/fighter_images/Kid_Yamamoto/YAMAMOTO_NORIFUMI.png
Bantamweight,Aiemann Zahabi,/fighter/aiemann-zahabi,//media.ufc.tv/fighter_images/Aiemann_Zahabi/ZAHABI_AIEMANN.png
Featherweight,Jose Aldo,/fighter/jose-Aldo,//media.ufc.tv/fighter_images/Jose_Aldo/ALDO_JOSE.png
Featherweight,Arnold Allen,/fighter/arnold-allen,//media.ufc.tv/fighter_images/Arnold_Allen/ALLEN_ARNOLD.png
Featherweight,Makwan Amirkhani,/fighter/makwan-amirkhani,//media.ufc.tv/fighter_images/Makwan_Amirkhani/AMIRKHANI_MAKWAN.png
Featherweight,Felipe Arantes,/fighter/felipe-Arantes,//media.ufc.tv/fighter_images//Felipe_Arante/1ARANTES_FELIPE.png
Featherweight,Julio Arce,/fighter/julio-Arce,//media.ufc.tv/fighter_images/Julio_Arce/ARCE_JULIO.png
Featherweight,Austin Arnett,/fighter/austin-Arnett,//media.ufc.tv/fighter_images/Austin_Arnett/ARNETT_AUSTIN.png
Featherweight,Humberto Bandenay,/fighter/humberto-Bandenay,//media.ufc.tv/fighter_images/Humberto_Bandenay/BANDENAY_HUMBERTO.png
Featherweight,Renan Barao,/fighter/renan-Barao,//media.ufc.tv/fighter_images/Renan_Barao/BARAO_RENAN2.png
Featherweight,Enrique Barzola,/fighter/enrique-barzola,//media.ufc.tv/fighter_images/Enrique_Barzola/BARZOLA_ENRIQUE_211.png
Featherweight,Mirsad Bektic,/fighter/mirsad-Bektic,//media.ufc.tv/fighter_images/Mirsad_Bektic/BEKTIC_MIRSAD.png
Featherweight,Gabriel Benitez,/fighter/gabriel-benitez,//media.ufc.tv/fighter_images/Gabriel_Benitez/BENITEZ_GABRIEL_211.png
Featherweight,Dennis Bermudez,/fighter/dennis-Bermudez,//media.ufc.tv/fighter_images//Dennis_Bermudez/BERMUDEZ_DENNIS.png
Featherweight,Matt Bessette,/fighter/matt-Bessette,//media.ufc.tv/fighter_images/Matt_Bessette/BESSETTE_MATT.png
Featherweight,Kyle Bochniak,/fighter/kyle-Bochniak,//media.ufc.tv/fighter_images/Kyle_Bochniak/BOCHNIAK_KYLE.png
Featherweight,Wuliji Buren,/fighter/wuliji-Buren,//media.ufc.tv/fighter_images/Wuliji_Buren/BUREN_WULIJI.png
Featherweight,Shane Burgos,/fighter/shane-burgos,//media.ufc.tv/fighter_images/Shane_Burgos/BURGOS_SHANE.png
Featherweight,Martin Buschkamp,/fighter/martin-Buschkamp,//media.ufc.tv/fighter_images//ComingSoon/comingsoon_headshot_odopod.png
Featherweight,Alex Caceres,/fighter/alex-Caceres,//media.ufc.tv/fighter_images/Alex_Caceres/CACERES_ALEX.png
Featherweight,Mark Cherico,/fighter/mark-Cherico,//media.ufc.tv/fighter_images/Mark_Cherico/CHERICO_MARK.png
Featherweight,Dooho Choi,/fighter/dooho-Choi,//media.ufc.tv/fighter_images/Dooho_Choi/CHOI_DOOHO.png
Featherweight,Brandon  Davis,/fighter/brandon-Davis,//media.ufc.tv/fighter_images/Brandon_Davis/DAVIS_BRANDON.png
Featherweight,Grant Dawson,/fighter/grant-Dawson,//media.ufc.tv/fighter_images/Grant_Dawson/DAWSON_GRANT.png
Featherweight,Adrian Diaz,/fighter/adrian-Diaz,//media.ufc.tv/fighter_images/Adrian_Diaz/DIAZ_ADRIAN.png
Featherweight,Russell Doane,/fighter/russell-Doane,//media.ufc.tv/fighter_images/Russell_Doane/DOANE_RUSSELL_singapore.png
Featherweight,Rolando Dy,/fighter/rolando-Dy,//media.ufc.tv/fighter_images//Rolando_Dy/1DY_ROLANDO.png
Featherweight,Frankie Edgar,/fighter/frankie-Edgar,//media.ufc.tv/fighter_images/Frankie_Edgar/EDGAR_FRANKIE_211.png
Featherweight,Darren Elkins,/fighter/darren-Elkins,//media.ufc.tv/fighter_images/Darren_Elkins/ELKINS_DARREN.png
Featherweight,Josh Emmett,/fighter/josh-emmett,//media.ufc.tv/fighter_images/Josh_Emmett/EMMETT_JOSH.png
Featherweight,Andre Fili,/fighter/andre-Fili,//media.ufc.tv/fighter_images/Andre_Fili/FILI_ANDRE.png
Featherweight,Luis Gomez,/fighter/luis-Raul-Gomez,//media.ufc.tv/fighter_images/Luis_Gomez/GOMEZ_LUIS.png
Featherweight,Wang Guan,/fighter/wang-Guan,//media.ufc.tv/fighter_images/Wang_Guan/WANG_GUAN.png
Featherweight,Clay Guida,/fighter/clay-Guida,//media.ufc.tv/fighter_images/Clay_Guida/GUIDA_CLAY.png
Featherweight,Ryan Hall,/fighter/ryan-Hall,//media.ufc.tv/fighter_images/Ryan_Hall/HALL_RYAN.png
Featherweight,Jimy Hettes,/fighter/jim-Hettes,//media.ufc.tv/fighter_images/Jimy_Hettes/JimyHettes_Headshot.png
Featherweight,Mizuto Hirota,/fighter/mizuto-hirota,//media.ufc.tv/fighter_images//Mizuto_Hirota/1HIROTA_MIZUTO.png
Featherweight,Max Holloway,/fighter/max-Holloway,//media.ufc.tv/fighter_images/Max_Holloway/HOLLOWAY_MAX_212.png
Featherweight,Kurt Holobaugh,/fighter/kurt-holobaugh,//media.ufc.tv/fighter_images/Kurt_Holobaugh/HOLOGAUGH_KURT.png
Featherweight,Dan Hooker,/fighter/dan-Hooker,//media.ufc.tv/fighter_images/Dan_Hooker/HOOKER_DAN.png
Featherweight,Dan Ige,/fighter/dan-Ige,//media.ufc.tv/fighter_images/Dan_Ige/IGE_DAN.png
Featherweight,Teruto Ishihara,/fighter/teruto-ishihara,//media.ufc.tv/fighter_images//Teruto_Ishibara/1ISHIHARA_TERUTO.png
Featherweight,Rony Jason,/fighter/rony-Jason,//media.ufc.tv/fighter_images/Rony_Jason/JASON_RONY.png
Featherweight,Chan Sung Jung,/fighter/chan-Sung-Jung,//media.ufc.tv/fighter_images/Chan_Sung_Jung/SUNG-JUNG_CHAN.png
Featherweight,Myles Jury,/fighter/myles-Jury,//media.ufc.tv/fighter_images/Miles_Jury/JURY_MYLES.png
Featherweight,Calvin Kattar,/fighter/calvin-Kattar,//media.ufc.tv/fighter_images/calvin_kattar/KATTAR_CALVIN.png
Featherweight,Jeremy Kennedy,/fighter/jeremy-kennedy,//media.ufc.tv/fighter_images/Jeremy_Kennedy/KENNEDY_JEREMY.png
Featherweight,Jason Knight,/fighter/jason-knight,//media.ufc.tv/fighter_images/Jason_Knight/KNIGHT_JASON_211.png
Featherweight,Ricardo Lamas,/fighter/ricardo-Lamas,//media.ufc.tv/fighter_images/Ricardo_Lamas/LAMAS_RICARDO.png
Featherweight,Thanh  Le,/fighter/thanh-Le,//media.ufc.tv/fighter_images/Thanh_Le/LE_THANH.png
Featherweight,Artem Lobov,/fighter/artem-Lobov,//media.ufc.tv/fighter_images/Artem_Lobov/LOBOV_ARTEM.png
Featherweight,Zabit Magomedshari...,/fighter/zabit-Magomedsharipov,//media.ufc.tv/fighter_images/Zabit_Magomedsharipov/MAGOMEDSHARIPOV_ZABIT.png
Featherweight,Gray Maynard,/fighter/gray-Maynard,//media.ufc.tv/fighter_images/Gray_Maynard/MAYNARD_GRAY2.png
Featherweight,Chad Mendes,/fighter/chad-Mendes,//media.ufc.tv/fighter_images/Chad_Mendes/MENDES_CHAD_AD.png
Featherweight,Renato Moicano,/fighter/renato-moicano,//media.ufc.tv/fighter_images/Renato_Moicano/MOICANO_RENATO.png
Featherweight,Sheymon Moraes,/fighter/sheymon-Moraes,//media.ufc.tv/fighter_images/Sheymon_Moraes/MORAES_SHEYMON.png
Featherweight,Charles Oliveira,/fighter/charles-Oliveira,//media.ufc.tv/fighter_images/Charles_Oliveira/OLIVIERA_CHARLES.png
Featherweight,Brian Ortega,/fighter/brian-Ortega,//media.ufc.tv/fighter_images/Brian_Ortega/ORTEGA_BRIAN.png
Featherweight,BJ Penn,/fighter/BJ-Penn,//media.ufc.tv/fighter_images/BJ_Penn/PENN_BJ.png
Featherweight,Godofredo Pepey,/fighter/godofredo-Castro,//media.ufc.tv/fighter_images//Godofredo_Pepey/PEPEY_GODOFREDO.png
Featherweight,Peter Petties,/fighter/peter-Petties,//media.ufc.tv/fighter_images/Pete_Petties/PETTIES_PETE.png
Featherweight,Diego Rivas,/fighter/diego-rivas,//media.ufc.tv/fighter_images/Diego_Rivas/RIVAS_DIEGO.png
Featherweight,Yair Rodriguez,/fighter/yair-rodriguez,//media.ufc.tv/fighter_images/Yair_Rodriguez/RODRIGUEZ_YAIR_211.png
Featherweight,Charles Rosa,/fighter/charles-rosa,//media.ufc.tv/fighter_images//Charles_Rosa/1ROSA_CHARLES.png
Featherweight,Luke Sanders,/fighter/luke-Sanders,//media.ufc.tv/fighter_images//Luke_Sanders/1SANDERS_LUKE.png
Featherweight,Mike Santiago,/fighter/mike-Santiago,//media.ufc.tv/fighter_images/Mike_Santiago/SANTIAGO_MIKE.png
Featherweight,Dennis Siver,/fighter/dennis-Siver,//media.ufc.tv/fighter_images/Dennis_Siver/SIVER_DENNIS.png
Featherweight,Chas Skelly,/fighter/chas-Skelly,//media.ufc.tv/fighter_images/Chas_Skelly/SKELLY_CHAS_211.png
Featherweight,Jeremy Stephens,/fighter/jeremy-Stephens,//media.ufc.tv/fighter_images/Jeremy_Stephens/STEPHENS_JEREMY.png
Featherweight,Lazar  Stojadinovic,/fighter/lazar-Stojadinovic,//media.ufc.tv/fighter_images/Lazar_Stojadinovic/STOJADINOVIC_LAZAR.png
Featherweight,Cub Swanson,/fighter/cub-Swanson,//media.ufc.tv/fighter_images/Cub_Swanson/SWANSON_CUB_NASHVILLE.png
Featherweight,Gavin Tucker,/fighter/gavin-Tucker,//media.ufc.tv/fighter_images/Gavin_Tucker/TUCKER_GAVIN.png
Featherweight,Zubaira Tukhugov,/fighter/zubaira-Tukhugov,//media.ufc.tv/fighter_images/Zubaira_Tukhugov/TUKHUGOV_ZUBAIRA.png
Featherweight,Alexander Volkanov...,/fighter/alex-volkanovski,//media.ufc.tv/fighter_images/Alex_Volkanovski/VOLKANOVSKI_ALEXANDER.png
Featherweight,Terrion Ware,/fighter/terrion-Ware,//media.ufc.tv/fighter_images/terrion_ware/WARE_TERRION.png
Featherweight,Song Yadong,/fighter/yadong-Song,//media.ufc.tv/fighter_images/Song_Yadong/SONG_YADONG.png
Featherweight,Shane Young,/fighter/shane-Young,//media.ufc.tv/fighter_images/Shane_Young/YOUNG_SHANE.png
Lightweight,Eddie Alvarez,/fighter/eddie-alvarez,//media.ufc.tv/fighter_images/Eddie_Alvarez/ALVAREZ_EDDIE_211.png
Lightweight,Thiago Alves,/fighter/thiago-Alves,//media.ufc.tv/fighter_images/Thiago_Alves/205-ALVES_THIAGO.png
Lightweight,Olivier Aubin-Merc...,/fighter/olivier-Aubin-Mercier,//media.ufc.tv/fighter_images//Olivier_AubinMercier/1AUBIN-MERCIER_OLIVIER.png
Lightweight,Tae Hyun Bang,/fighter/tae-Hyun-Bang,//media.ufc.tv/fighter_images/Tae_Hyun_Bang/BANG_TAE-HYUN.png
Lightweight,Edson  Barboza,/fighter/edson-Barboza,//media.ufc.tv/fighter_images/Edson_Barboza/BARBOZA_EDSON.png
Lightweight,Martin Bravo,/fighter/martin-bravo,//media.ufc.tv/fighter_images/Martin_Bravo/BRAVO_MARTIN.png
Lightweight,Will Brooks,/fighter/will-brooks,//media.ufc.tv/fighter_images/Will_Brooks/BROOKS_WILL.png
Lightweight,Damien Brown,/fighter/damien-brown,//media.ufc.tv/fighter_images/Damian_Brown/BROWN_DAMIEN.png
Lightweight,Mads Burnell,/fighter/mads-Burnell,//media.ufc.tv/fighter_images/Mads_Burnell/BURNELL_MADS.png
Lightweight,Gilbert Burns,/fighter/gilbert-Burns,//media.ufc.tv/fighter_images//Gilbert_Burns/1BURNS_GILBERT.png
Lightweight,Frank Camacho,/fighter/frank-Camacho,//media.ufc.tv/fighter_images/Frank_Camacho/CAMACHO_FRANK.png
Lightweight,Johnny Case,/fighter/johnny-Case,//media.ufc.tv/fighter_images/Johnny_Case/CASE_JOHNNY2.png
Lightweight,Michael Chiesa,/fighter/michael-Chiesa,//media.ufc.tv/fighter_images/Michael_Chiesa/CHIESA_MICHAEL2.png
Lightweight,Mitch Clarke,/fighter/mitch-Clarke,//media.ufc.tv/fighter_images/Mitch_Clarke/CLARKE_MITCH.png
Lightweight,Beneil Dariush,/fighter/beneil-Dariush,//media.ufc.tv/fighter_images/Beneil_Dariush/DARIUSH_BENEIL.png
Lightweight,Marc Diakiese,/fighter/marc-Diakiese,//media.ufc.tv/fighter_images/Marc_Diakiese/DIAKIESE_MARC2.png
Lightweight,Hacran Dias,/fighter/hacran-Dias,//media.ufc.tv/fighter_images//Hacran_Dias/DIAS_HACRAN.png
Lightweight,Drew Dober,/fighter/drew-Dober,//media.ufc.tv/fighter_images/Drew_Dober/DOBER_DREW2.png
Lightweight,Joe Duffy,/fighter/joseph-duffy,//media.ufc.tv/fighter_images/Joseph_Duffy/DUFFY_JOE.png
Lightweight,Evan Dunham,/fighter/evan-Dunham,//media.ufc.tv/fighter_images/Evan_Dunham/DUNHAM_EVAN.png
Lightweight,Joe Ellenberger,/fighter/joe-Ellenberger,//media.ufc.tv/fighter_images/Joe_Ellenberger/JoeEllenberger_Headshot.png
Lightweight,Paul Felder,/fighter/paul-felder,//media.ufc.tv/fighter_images/Paul_Felder/FELDER_PAUL.png
Lightweight,Tony Ferguson,/fighter/tony-Ferguson,//media.ufc.tv/fighter_images/Tony_Ferguson/FERGUSON_TONY.png
Lightweight,Diego Ferreira,/fighter/carlos-Diego-Ferreira,//media.ufc.tv/fighter_images/Carlos_Diego_Ferreira/FERREIRA_DIEGO.png
Lightweight,Luke Flores,/fighter/luke-Flores,//media.ufc.tv/fighter_images/Luke_Flores/FLORES_LUKE.png
Lightweight,Matt Frevola,/fighter/matt-Frevola,//media.ufc.tv/fighter_images/Matt_Frevola/FREVOLA_MATT.png
Lightweight,Justin Gaethje,/fighter/justin-Gaethje,//media.ufc.tv/fighter_images/Justin_Gaethje/GAETHJE_JUSTIN2.png
Lightweight,Gregor Gillespie,/fighter/gregor-gillespie,//media.ufc.tv/fighter_images//Gregor_Gillespie/1GILLESPIE_GREGOR.png
Lightweight,Rick Glenn,/fighter/rick-glenn,//media.ufc.tv/fighter_images/Rick_Glenn/GLENN_RICK.png
Lightweight,Takanori Gomi,/fighter/takanori-Gomi,//media.ufc.tv/fighter_images//Takanori_Gomi/1GOMI_TAKANORI.png
Lightweight,Jason Gonzalez,/fighter/jason-gonzalez,//media.ufc.tv/fighter_images//Jason_Gonzalez/1GONZALEZ_JASON.png
Lightweight,Jared Gordon,/fighter/jared-gordon,//media.ufc.tv/fighter_images/Jared_Gordon/GORDON_JARED.png
Lightweight,Thibault Gouti,/fighter/thibault-gouti,//media.ufc.tv/fighter_images/Thibault_Gouti/GOUTI_THIBAULT.png
Lightweight,Bobby Green,/fighter/bobby-Green,//media.ufc.tv/fighter_images/Bobby_Green/GREEN_BOBBY.png
Lightweight,Desmond Green,/fighter/desmond-green,//media.ufc.tv/fighter_images/GREEN_DESMOND-head.png
Lightweight,Chris Gruetzemacher,/fighter/chris-Gruetzemacher,//media.ufc.tv/fighter_images/Chris_Gruetzemacher/GRUETZEMACHER_CHRIS.png
Lightweight,Damir Hadzovic,/fighter/damir-Hadzovic,//media.ufc.tv/fighter_images/Damir_Hadzovic/HADZOVIC_DAMIR.png
Lightweight,Nasrat Haqparast,/fighter/nasrat-Haqparast,//media.ufc.tv/fighter_images/Nasrat_Haqparast/HAQPARAST_NASRAT.png
Lightweight,Nick Hein,/fighter/nick-Hein,//media.ufc.tv/fighter_images/Nick_Hein/HEIN_NICK.png
Lightweight,Marcin Held,/fighter/marcin-Held,//media.ufc.tv/fighter_images/Marcin_Held/HELD_MARCIN.png
Lightweight,Danny Henry,/fighter/danny-Henry,//media.ufc.tv/fighter_images/Danny_Henry/HENRY_DANNY.png
Lightweight,Andrew Holbrook,/fighter/andrew-holbrook,//media.ufc.tv/fighter_images/Andrew_Holbrook/HOLBROOK_ANDREW.png
Lightweight,Scott Holtzman,/fighter/scott-holtzman,//media.ufc.tv/fighter_images/Scott_Holtzman/HOLTZMAN_SCOTT_NASHVILLE.png
Lightweight,Darrell Horcher,/fighter/darrell-horcher,//media.ufc.tv/fighter_images/Darrell_Horcher/HORCHER_DARRELL.png
Lightweight,Al Iaquinta,/fighter/al-Iaquinta,//media.ufc.tv/fighter_images/Al_Iaquinta/IAQUINTA_AL_NASHVILLE.png
Lightweight,Kajan Johnson,/fighter/kajan-johnson,//media.ufc.tv/fighter_images/Kajan_Johnson/JOHNSON_KAJAN.png
Lightweight,Michael Johnson,/fighter/michael-Johnson,//media.ufc.tv/fighter_images/Michael_Johnson/JOHNSON_MICHAEL.png
Lightweight,Rustam Khabilov,/fighter/rustam-Khabilov,//media.ufc.tv/fighter_images/Rustam_Khabilov/KHABILOV_RUSTAM.png
Lightweight,Dong Hyun Kim,/fighter/dong-hyun-the-mestro-kim,//media.ufc.tv/fighter_images//Dong_Hyun_Kin_Maestro/1KIM_DONG_HYUN.png
Lightweight,Drakkar Klose,/fighter/drakkar-klose,//media.ufc.tv/fighter_images/Drakkar_Klose/KLOSE_DRAKKAR.png
Lightweight,Erik Koch,/fighter/erik-Koch,//media.ufc.tv/fighter_images/Erik_Koch/KOCH_ERIK.png
Lightweight,Chad Laprise,/fighter/chad-laprise,//media.ufc.tv/fighter_images//Chad_Laprise/LAPRISE_CHAD.png
Lightweight,Joe Lauzon,/fighter/joe-Lauzon,//media.ufc.tv/fighter_images/Joe_Lauzon/LAUZON_JOE.png
Lightweight,Mickael Lebout,/fighter/mickael-lebout,//media.ufc.tv/fighter_images/Mickael_Lebout/LEBOUT_MICKAEL_AD.png
Lightweight,Kevin Lee,/fighter/kevin-Lee,//media.ufc.tv/fighter_images/Kevin_Lee/LEE_KEVIN.png
Lightweight,Nik Lentz,/fighter/nik-Lentz,//media.ufc.tv/fighter_images/Nik_Lentz/LENTZ_NIK.png
Lightweight,Reza Madadi,/fighter/reza-Madadi,//media.ufc.tv/fighter_images/Reza_Madadi/MADADI_REZA.png
Lightweight,Rashid Magomedov,/fighter/rashid-Magomedov,//media.ufc.tv/fighter_images/Rashid_Magamedov/MAGOMEDOV_RASHID.png
Lightweight,John  Makdessi,/fighter/john-makdessi,//media.ufc.tv/fighter_images/John_Makdessi/MAKDESSI_JOHN.png
Lightweight,Islam Makhachev,/fighter/islam-makhachev,//media.ufc.tv/fighter_images/Islam_Makhachev/MAKHACHEV_ISLAM.png
Lightweight,Tony Martin,/fighter/tony-Martin,//media.ufc.tv/fighter_images//Tony_Martin/1MARTIN_TONY.png
Lightweight,Adriano Martins,/fighter/adriano-Martins,//media.ufc.tv/fighter_images/Adriano_Martins/MARTINS_ADRIANO.png
Lightweight,Michael McBride,/fighter/michael-mcbride,//media.ufc.tv/fighter_images/Michael_McBride/MCBRIDE_MICHAEL.png
Lightweight,Conor McGregor,/fighter/conor-McGregor,//media.ufc.tv/fighter_images/Conor_McGregor/205-McGREGOR_CONOR.png
Lightweight,Yancy Medeiros,/fighter/yancy-Medeiros,//media.ufc.tv/fighter_images/Yancy_Medeiros/MEDEIROS_YANCY_212.png
Lightweight,Gilbert Melendez,/fighter/gilbert-Melendez,//media.ufc.tv/fighter_images/Gilbert_Melendez/MELENDEZ_GILBERT.png
Lightweight,Jim Miller,/fighter/jim-Miller,//media.ufc.tv/fighter_images/Jim_Miller/MILLER_JIM.png
Lightweight,Magomed Mustafaev,/fighter/magomed-mustafaev,//media.ufc.tv/fighter_images/Magomed_Mustafaev/MUSTAFEV_MAGOMEDOV.png
Lightweight,Sage Northcutt,/fighter/sage-northcutt,//media.ufc.tv/fighter_images/Sage_Northcutt/NORTHCUTT_SAGE.png
Lightweight,Khabib Nurmagomedov,/fighter/khabib-Nurmagomedov,//media.ufc.tv/fighter_images/Khabib_Nurmagomedov/NURMAGOMEDOV_KHABIB.png
Lightweight,Teemu Packalen,/fighter/teemu-packalen,//media.ufc.tv/fighter_images/Teemu_Packalen/PACKALEN_TEEMU.png
Lightweight,Alan Patrick,/fighter/alan-Patrick,//media.ufc.tv/fighter_images/Alan_Patrick/PATRICK_ALAN.png
Lightweight,Ross Pearson,/fighter/ross-Pearson,//media.ufc.tv/fighter_images/Ross_Pearson/PEARSON_ROSS.png
Lightweight,Frankie Perez,/fighter/frankie-perez,//media.ufc.tv/fighter_images/Frankie_Perez/PEREZ_FRANKIE.png
Lightweight,Anthony Pettis,/fighter/anthony-Pettis,//media.ufc.tv/fighter_images/Anthony_Pettis/PETTIS_ANTHONY.png
Lightweight,Vinc Pichel,/fighter/vinc-Pichel,//media.ufc.tv/fighter_images/Vincent_Pichel/VincentPichel_Headshot.png
Lightweight,Dustin Poirier,/fighter/dustin-Poirier,//media.ufc.tv/fighter_images/Dustin_Poirier/POIRIER_DUSTIN.png
Lightweight,Devin Powell,/fighter/devin-powell,//media.ufc.tv/fighter_images/Devin_Powell/POWELL_DEVIN.png
Lightweight,Michel Prazeres,/fighter/michel-Prazeres,//media.ufc.tv/fighter_images/Michel_Ptrazeres/PRAZERES_MICHEL.png
Lightweight,Claudio Puelles,/fighter/claudio-puelles,//media.ufc.tv/fighter_images/Claudio_Puelles/PUELLES_CLAUDIO.png
Lightweight,Michel Quinones,/fighter/michael-quinones,//media.ufc.tv/fighter_images/Michel_Quinones/QUINONES_MICHEL.png
Lightweight,Stevie Ray,/fighter/stevie-ray,//media.ufc.tv/fighter_images/Stevie_Ray/RAY_STEVIE_NASHVILLE.png
Lightweight,Marco Polo Reyes,/fighter/polo-reyes,//media.ufc.tv/fighter_images/Polo_Reyes/REYES_POLO_211.png
Lightweight,Jordan Rinaldi,/fighter/jordan-rinaldi,//media.ufc.tv/fighter_images/Jordan_Rinaldi/RINALDI_JORDAN.png
Lightweight,Jason Saggo,/fighter/jason-Saggo,//media.ufc.tv/fighter_images//Jason-Saggo/1SAGGO_JASON.png
Lightweight,Diego Sanchez,/fighter/diego-Sanchez,//media.ufc.tv/fighter_images/Diego_Sanchez/SANCHEZ_DIEGO.png
Lightweight,Leonardo Santos,/fighter/leonardo-santos,//media.ufc.tv/fighter_images/Leonardo_Santos/SANTOS_LEONARDO.png
Lightweight,Felipe Silva,/fighter/felipe-silva,//media.ufc.tv/fighter_images/Felipe_Silva/SILVA_FELIPE.png
Lightweight,Joaquim Silva,/fighter/joaquim-silva,//media.ufc.tv/fighter_images/Joaquim_Silva/SILVA_JOAQUIM.png
Lightweight,Mairbek Taisumov,/fighter/mairbek-Taisumov,//media.ufc.tv/fighter_images/Maribek_Taisumov/TAISUMOV_MAIRBEK.png
Lightweight,Daniel Teymur,/fighter/daniel-Teymur,//media.ufc.tv/fighter_images/Daniel_Teymur/TEYMUR_DANIEL.png
Lightweight,David Teymur,/fighter/david-Teymur,//media.ufc.tv/fighter_images/David_Teymur/TEYMUR_DAVID.png
Lightweight,Gleison Tibau,/fighter/gleison-Tibau,//media.ufc.tv/fighter_images//Gleison_Tibau/TIBAU_GLEISON.png
Lightweight,Francisco Trinaldo,/fighter/francisco-Trinaldo,//media.ufc.tv/fighter_images/Francisco_Trinaldo/TRINALDO_FRANCISCO.png
Lightweight,Abel Trujillo,/fighter/abel-Trujillo,//media.ufc.tv/fighter_images/Abel_Trujillo/TRUJILLO_ABEL.png
Lightweight,Jon Tuck,/fighter/jon-Tuck,//media.ufc.tv/fighter_images/Jon_Tuck/TUCK_JOHN_singapore.png
Lightweight,Lando Vannata,/fighter/landon-Vannata,//media.ufc.tv/fighter_images/Landon_Vannata/VANNATA_LANDO.png
Lightweight,James Vick,/fighter/james-Vick,//media.ufc.tv/fighter_images/James_Vick/VICK_JAMES.png
Lightweight,Chris Wade,/fighter/chris-wade,//media.ufc.tv/fighter_images/Chris_Wade/WADE_CHRIS.png
Lightweight,Alex White,/fighter/alex-White,//media.ufc.tv/fighter_images/Alex_White/WHITE_ALEX.png
Lightweight,Matt Wiman,/fighter/matt-Wiman,//media.ufc.tv/fighter_images/Matt_Wiman/MattWiman_Headshot.png
Lightweight,Tiequan Zhang,/fighter/tiequan-Zhang,//media.ufc.tv/fighter_images/Tiequan_Zhang/TiequanZhang_Headshot.png
Welterweight,Daichi Abe,/fighter/daichi-Abe,//media.ufc.tv/fighter_images//Abe_Daichi/1ABE_DAICHI.png
Welterweight,Omari Akhmedov,/fighter/omari-Akhmedov,//media.ufc.tv/fighter_images/Omari_Akhmedov/AKHMEDOV_OMARI.png
Welterweight,Yoshihiro Akiyama,/fighter/yoshihiro-Akiyama,//media.ufc.tv/fighter_images/Yoshiro_Akiyama/AKIYAMA_YOSHIHIRO.png
Welterweight,Sultan Aliev,/fighter/sultan-aliev,//media.ufc.tv/fighter_images/Sultan_Aliev/ALIEV_SULTAN.png
Welterweight,Warlley Alves,/fighter/warlley-alves,//media.ufc.tv/fighter_images/Warlley_Alves/ALVES_WARLLEY.png
Welterweight,Shinsho Anzai,/fighter/shinsho-anzai,//media.ufc.tv/fighter_images//Shinsho_Anzai/1ANZAI_SHINSHO.png
Welterweight,Jessin Ayari,/fighter/jessin-Ayari,//media.ufc.tv/fighter_images/Jessin_Ayari/AYARI_JESSIN.png
Welterweight,Siyar Bahadurzada,/fighter/siyar-Bahadurzada,//media.ufc.tv/fighter_images/Siyar_Bahadurzada/BAHADURZADA_SIYAR.png
Welterweight,Bryan Barberena,/fighter/bryan-Barberena,//media.ufc.tv/fighter_images/Bryan_Barberena/BARBERENA_BRYAN.png
Welterweight,Galore Bofando,/fighter/galore-Bofando,//media.ufc.tv/fighter_images/Galore_Bofando/BOFANDO_GALORE.png
Welterweight,Tom Breese,/fighter/tom-breese,//media.ufc.tv/fighter_images/Tom_Breese/BREESE_TOM.png
Welterweight,Matt Brown,/fighter/matt-Brown,//media.ufc.tv/fighter_images/Matt_Brown/BROWN_MATT.png
Welterweight,Randy Brown,/fighter/randy-Brown,//media.ufc.tv/fighter_images/Randy_Brown/BROWN_RANDY.png
Welterweight,Joshua Burkman,/fighter/josh-Burkman,//media.ufc.tv/fighter_images/Josh_Burkman/BURKMAN_JOSH.png
Welterweight,Brian Camozzi,/fighter/brian-camozzi,//media.ufc.tv/fighter_images/Brian_Camozzi/CAMOZZI_BRIAN.png
Welterweight,Donald Cerrone,/fighter/donald-Cerrone,//media.ufc.tv/fighter_images/Donald_Cerrone/CERRONE_DONALD.png
Welterweight,Luan Chagas,/fighter/luan-chagas,//media.ufc.tv/fighter_images/Luan_Chagas/CHAGAS_LUAN_ufc212.png
Welterweight,Carlos Condit,/fighter/carlos-Condit,//media.ufc.tv/fighter_images/Carlos_Condit/CONDIT_CARLOS.png
Welterweight,Michael Cora,/fighter/michael-Cora,//media.ufc.tv/fighter_images/CORA_MICHAEL.png
Welterweight,Colby Covington,/fighter/colby-Covington,//media.ufc.tv/fighter_images/Colby_Covington/COVINGTON_COLBY.png
Welterweight,Nathan Coy,/fighter/nathan-coy,//media.ufc.tv/fighter_images/Nathan_Coy/COY_NATHAN.png
Welterweight,Zak Cummings,/fighter/zak-Cummings,//media.ufc.tv/fighter_images//Zak_Cummings/CUMMINGS_ZAK.png
Welterweight,Nate Diaz,/fighter/nate-Diaz,//media.ufc.tv/fighter_images/Nate_Diaz/DIAZ_NATE.png
Welterweight,Rafael Dos Anjos,/fighter/rafael-Dos-Anjos,//media.ufc.tv/fighter_images/Rafael_Dos_Anjos/DOS_ANJOS_RAFAEL.png
Welterweight,Leon Edwards,/fighter/leon-edwards,//media.ufc.tv/fighter_images/Leon_Edwards/EDWARDS_LEON.png
Welterweight,Jake Ellenberger,/fighter/jake-Ellenberger,//media.ufc.tv/fighter_images/Jake_Ellenberger/ELLENBERGER_JAKE.png
Welterweight,Oliver Enkamp,/fighter/oliver-Enkamp,//media.ufc.tv/fighter_images/Oliver_Enkamp/ENKAMP_OLIVER_stockholm.png
Welterweight,Mickey Gall,/fighter/mickey-Gall,//media.ufc.tv/fighter_images/Mickey_Gall/GALL_MICKEY.png
Welterweight,Tom Gallicchio,/fighter/tom-Gallicchio,//media.ufc.tv/fighter_images/Tom_Gallicchio/GALLICCHIO_TOM.png
Welterweight,Alex Garcia,/fighter/alex-Garcia,//media.ufc.tv/fighter_images/Alex_Garcia/GARCIA_ALEX.png
Welterweight,Lyman Good,/fighter/lyman-good,//media.ufc.tv/fighter_images/Lyman_Good/GOOD_LYMAN_AD.png
Welterweight,Max Griffin,/fighter/max-griffin,//media.ufc.tv/fighter_images/Max_Griffin/GRIFFIN_MAX.png
Welterweight,Dan Hardy,/fighter/dan-Hardy,//media.ufc.tv/fighter_images/Dan_Hardy/DanHardy_Headshot2012_2.png
Welterweight,John Hathaway,/fighter/john-Hathaway,//media.ufc.tv/fighter_images/John_Hathaway/JohnHathaway_Headshot.png
Welterweight,Alvaro Herrera,/fighter/alvaro-herrera,//media.ufc.tv/fighter_images/Alvaro_Herrera/HERRERA_ALVARRO.png
Welterweight,Sabah Homasi,/fighter/sabah-homasi,//media.ufc.tv/fighter_images/Homasi_Sabah/HOMASI_SABAH.png
Welterweight,Jason Jackson,/fighter/jason-jackson,//media.ufc.tv/fighter_images/Jason_Jackson/JACKSON_JASON.png
Welterweight,Li Jingliang,/fighter/li-Jingliang,//media.ufc.tv/fighter_images/Li_Jingliang/JINGLIANG_LI.png
Welterweight,Alan Jouban,/fighter/alan-Jouban,//media.ufc.tv/fighter_images/Alan_Jouban/JOUBAN_ALAN.png
Welterweight,Luke Jumeau,/fighter/luke-Jumeau,//media.ufc.tv/fighter_images//Luke_Jumeau/1JUMEAU_LUKE.png
Welterweight,Song Kenan,/fighter/kenan-Song,//media.ufc.tv/fighter_images/Kenan_Song/SONG_KENAN.png
Welterweight,Adam Khaliev,/fighter/adam-Khaliev,//media.ufc.tv/fighter_images//ComingSoon/comingsoon_headshot_odopod.png
Welterweight,Dong Hyun Kim,/fighter/dong-Hyun-Kim,//media.ufc.tv/fighter_images/Dong_Hyun_Kim/KIM_DONG_HYUN_singapore.png
Welterweight,James Krause,/fighter/james-Krause,//media.ufc.tv/fighter_images/James_Krause/KRAUSE_JAMES2.png
Welterweight,Pascal Krauss,/fighter/pascal-Krauss,//media.ufc.tv/fighter_images/Pascal_Krauss/PascalKrauss_Headshot.png
Welterweight,Kiichi Kunimoto,/fighter/kiichi-Kunimoto,//media.ufc.tv/fighter_images/Kiichi_Kunimoto/KiichiKunimoto_Headshot.png
Welterweight,Ryan LaFlare,/fighter/ryan-LaFlare,//media.ufc.tv/fighter_images/Ryan_LaFlare/LAFLARE_RYAN.png
Welterweight,Robbie Lawler,/fighter/robbie-Lawler,//media.ufc.tv/fighter_images/Robbie_Lawler/LAWLER_ROBBIE.png
Welterweight,Hyun Gyu Lim,/fighter/hyun-Gyu-Lim,//media.ufc.tv/fighter_images//Hyun_Gyu_Lim/1LIM_HYUN_GYU.png
Welterweight,Dhiego Lima,/fighter/dhiego-lima,//media.ufc.tv/fighter_images/Dhiego_Lima/LIMA_DHIEGO.png
Welterweight,Hector Lombard,/fighter/hector-Lombard,//media.ufc.tv/fighter_images//Hector_Lombard/1LOMBARD_HECTOR.png
Welterweight,Vicente Luque,/fighter/vicente-luque,//media.ufc.tv/fighter_images/Vicente_Luque/LUQUE_VICENTE.png
Welterweight,Neil Magny,/fighter/neil-Magny,//media.ufc.tv/fighter_images/Neil_Magny/MAGNY_NEIL.png
Welterweight,Demian Maia,/fighter/demian-Maia,//media.ufc.tv/fighter_images/Demian_Maia/MAIA_DEMIAN.png
Welterweight,Jorge Masvidal,/fighter/jorge-Masvidal,//media.ufc.tv/fighter_images/Jorge_Masvidal/MASVIDAL_JORGE.png
Welterweight,Jake Matthews,/fighter/jake-matthews,//media.ufc.tv/fighter_images/Jake_Matthews/MATTHEWS_JAKE.png
Welterweight,Court McGee,/fighter/court-McGee,//media.ufc.tv/fighter_images/Court_McGee/MCGEE_COURT.png
Welterweight,Tim Means,/fighter/tim-Means,//media.ufc.tv/fighter_images/TIm_Means/MEANS_TIM.png
Welterweight,Emil Meek,/fighter/emil-Weber,//media.ufc.tv/fighter_images/Emil_Meek/MEEK_EMIL.png
Welterweight,Jordan Mein,/fighter/jordan-Mein,//media.ufc.tv/fighter_images/Jordan_Mein/MEIN_JORDAN.png
Welterweight,Jonathan Meunier,/fighter/jonathan-meunier,//media.ufc.tv/fighter_images/Jonathan_Meunier/MEUNIER_JONATHAN.png
Welterweight,Alberto Mina,/fighter/alberto-Mina,//media.ufc.tv/fighter_images/Alberto_Mina/MINA_ALBERTO.png
Welterweight,Sergio Moraes,/fighter/sergio-Moraes,//media.ufc.tv/fighter_images//Sergio_Moraes/1MORAES_SERGIO.png
Welterweight,Alex Morono,/fighter/alex-Morono,//media.ufc.tv/fighter_images//Alex_Morono/1MORONO_ALEX.png
Welterweight,Belal Muhammad,/fighter/belal-Muhammad,//media.ufc.tv/fighter_images/Belal_Muhammad/MUHAMMAD_BELAL.png
Welterweight,Nico Musoke,/fighter/nicholas-Musoke,//media.ufc.tv/fighter_images/Nicholas_Musoke/MUSOKE_NICO_stockholm.png
Welterweight,Keita Nakamura,/fighter/keita-Nakamura,//media.ufc.tv/fighter_images//Keita_Nakamura/1NAKAMURA_KEITA.png
Welterweight,Bobby Nash,/fighter/bobby-nash,//media.ufc.tv/fighter_images/Bobby_Nash/NASH_BOBBY.png
Welterweight,Gunnar Nelson,/fighter/gunnar-Nelson,//media.ufc.tv/fighter_images/Gunner_Nelson/NELSON_GUNNAR.png
Welterweight,Alex Oliveira,/fighter/alex-oliveira,//media.ufc.tv/fighter_images/Alex_Oliveira/OLIVIERA_ALEX.png
Welterweight,Zak Ottow,/fighter/zak-ottow,//media.ufc.tv/fighter_images/Zak_Ottow/OTTOW_ZAK.png
Welterweight,Sidney Outlaw,/fighter/sidney-Outlaw,//media.ufc.tv/fighter_images/Sidney_Outlaw/OUTLAW_SIDNEY.png
Welterweight,Mike Perry,/fighter/mike-perry,//media.ufc.tv/fighter_images//Mike_Perry/1PERRY_MIKE.png
Welterweight,Santiago Ponzinibb...,/fighter/santiago-ponzinibbio,//media.ufc.tv/fighter_images/Santiago_Ponzinibbio/PONZINIBBIO_SANTIAGO.png
Welterweight,Niko Price,/fighter/niko-price,//media.ufc.tv/fighter_images/Niko_Price/PRICE_NIKO.png
Welterweight,Joe Proctor,/fighter/joe-Proctor,//media.ufc.tv/fighter_images/Joe_Proctor/PROCTOR_JOE.png
Welterweight,CM Punk,/fighter/cm-punk,//media.ufc.tv/fighter_images/CM_Punk/PUNK_CM.png
Welterweight,Mike Pyle,/fighter/mike-Pyle,//media.ufc.tv/fighter_images//Mike_Pyle/PYLE_MIKE.png
Welterweight,Davi Ramos,/fighter/davi-ramos,//media.ufc.tv/fighter_images/Davi_Ramos/RAMOS_DAVI.png
Welterweight,Abdul Razak Alhass...,/fighter/abdul-Razak-Alhassan,//media.ufc.tv/fighter_images/Abdul_Razak_Alhassan/RAZAK-ALHASSAN_ABDUL.png
Welterweight,Alex Reyes,/fighter/alex-reyes,//media.ufc.tv/fighter_images//Alex_Reyes/REYES_ALEX.png
Welterweight,Danny Roberts,/fighter/danny-roberts,//media.ufc.tv/fighter_images/Daniel_Roberts/ROBERTS_DANNY.png
Welterweight,Tarec Saffiedine,/fighter/tarec-Saffiedine,//media.ufc.tv/fighter_images/Tarec_Saffiedine/SAFFIEDINE_TAREC_singapore.png
Welterweight,Muslim Salikhov,/fighter/muslim-Salikhov,//media.ufc.tv/fighter_images/Muslim_Salikhov/SALIKHOV_MUSLIM.png
Welterweight,Ben Saunders,/fighter/ben-Saunders,//media.ufc.tv/fighter_images//Ben_Saunders/SAUNDERS_BEN.png
Welterweight,Claudio Silva,/fighter/claudio-Henrique-da-Silva,//media.ufc.tv/fighter_images/Claudio_Henrique_da_Silva/ClaudioHenriquedaSilva_Headshot.png
Welterweight,Erick Silva,/fighter/erick-Silva,//media.ufc.tv/fighter_images/Erick_Silva/SILVA_ERICK_212.png
Welterweight,Peter Sobotta,/fighter/peter-Sobotta,//media.ufc.tv/fighter_images/Peter_Sobotta/SOBOTTA_PETER.png
Welterweight,Dominique Steele,/fighter/dominique-steele,//media.ufc.tv/fighter_images/Dominique_Steele/STEELE_DOMINIQUE.png
Welterweight,Kyle Stewart,/fighter/kyle-Stewart,//media.ufc.tv/fighter_images/kyle_stewart2/STEWART_KYLE.png
Welterweight,Sean Strickland,/fighter/sean-Strickland,//media.ufc.tv/fighter_images/Sean_Strickland/STRICKLAND_SEAN.png
Welterweight,George Sullivan,/fighter/george-Sullivan,//media.ufc.tv/fighter_images/George_Sullivan/SULLIVAN_GEORGE_AD.png
Welterweight,Nordine Taleb,/fighter/nordine-taleb,//media.ufc.tv/fighter_images/Nordine_Taleb/TALEB_NORDINE_stockholm.png
Welterweight,Stephen Thompson,/fighter/stephen-Thompson,//media.ufc.tv/fighter_images/Stephen_Thompson/THOMPSON_STEPHEN.png
Welterweight,Darren Till,/fighter/darren-till,//media.ufc.tv/fighter_images/Darren_Till/TILL_DARREN.png
Welterweight,. To Be Determined,/fighter/to-Be-Determined,//media.ufc.tv/fighter_images//ComingSoon/comingsoon_headshot_odopod.png
Welterweight,Salim Touahri,/fighter/salim-Touahri,//media.ufc.tv/fighter_images/Salim_Touahri/TOUHARI_SALIM.png
Welterweight,Kamaru Usman,/fighter/kamarudeen-usman,//media.ufc.tv/fighter_images/1USMAN_KAMARU.png
Welterweight,Bojan Velickovic,/fighter/bojan-velickovic,//media.ufc.tv/fighter_images/Bojan_Velickovic/VELICKOVIC_BOJAN.png
Welterweight,Jimmy Wallhead,/fighter/jim-wallhead,//media.ufc.tv/fighter_images/Jim_Wallhead/WALLHEAD_JIM_212.png
Welterweight,Charlie Ward,/fighter/charlie-ward,//media.ufc.tv/fighter_images/Charlie_Ward/WARD_CHARLIE_NEW.png
Welterweight,Sheldon Westcott,/fighter/sheldon-westcott,//media.ufc.tv/fighter_images/Sheldon_Westcott/WESTCOTT_SHELDON.png
Welterweight,Tyron Woodley,/fighter/tyron-Woodley,//media.ufc.tv/fighter_images/Tyrone_Woodley/WOODLEY_TYRON.png
Welterweight,Alexander Yakovlev,/fighter/alexander-Yakovlev,//media.ufc.tv/fighter_images/Alexander_Yakovlev/YAKOVLEV_ALEXANDER.png
Welterweight,Elizeu Zaleski dos...,/fighter/elizeu-zaleski-dos-santos,//media.ufc.tv/fighter_images/Elizeu_Zaleski_dos_Santos/DOS_SANTOS_ZALESKI_ELIZEAU.png
Middleweight,Sam Alvey,/fighter/sam-Alvey,//media.ufc.tv/fighter_images/Sam_Alvey/ALVEY_SAM.png
Middleweight,Eryk Anders,/fighter/eryk-Anders,//media.ufc.tv/fighter_images/eryk_anders/ANDERS_ERYK.png
Middleweight,Abu Azaitar,/fighter/abu-Azaitar,//media.ufc.tv/fighter_images//ComingSoon/comingsoon_headshot_odopod.png
Middleweight,Oluwale Bamgbose,/fighter/oluwale-bamgbose,//media.ufc.tv/fighter_images/Oluwale_Bamgose/BAMGBOSE_OLUWALE_UFC212.png
Middleweight,Vitor Belfort,/fighter/vitor-Belfort,//media.ufc.tv/fighter_images/Vitor_Belfort/BELFORT_VITOR_UFC212.png
Middleweight,Keith Berish,/fighter/keith-Berish,//media.ufc.tv/fighter_images/Keith_Berish/BERISH_KEITH.png
Middleweight,Michael Bisping,/fighter/michael-Bisping,//media.ufc.tv/fighter_images/Michael_Bisping/BISPING_MICHAEL.png
Middleweight,Tim Boetsch,/fighter/tim-Boetsch,//media.ufc.tv/fighter_images/Tim_Boetsch/BOETSCH_TIM.png
Middleweight,David Branch,/fighter/dave-Branch,//media.ufc.tv/fighter_images//Dave_Branch/1BRANCH_DAVID.png
Middleweight,Derek Brunson,/fighter/derek-Brunson,//media.ufc.tv/fighter_images/Derek_Brunson/BRUNSON_DEREK.png
Middleweight,Charles Byrd,/fighter/charles-Byrd,//media.ufc.tv/fighter_images/Charles_Byrd/BYRD_CHARLES.png
Middleweight,Chris Camozzi,/fighter/chris-Camozzi,//media.ufc.tv/fighter_images/Chris_Camozzi/CAMOZZI_CHRIS.png
Middleweight,Antonio Carlos Jun...,/fighter/antonio-carlos,//media.ufc.tv/fighter_images/Antonio_Carlos_Barbosa_Jr/CARLOS_JUNIOR_ANTONIO.png
Middleweight,Magnus Cedenblad,/fighter/magnus-Cedenblad,//media.ufc.tv/fighter_images/Magnus_Cedenblad/CEDENBLAD_MAGNUS.png
Middleweight,Gabriel Checco,/fighter/gabriel-Checco,//media.ufc.tv/fighter_images/Gabriel_Checco/CHECCO_GABRIEL.png
Middleweight,Paulo Costa,/fighter/paulo-henrique-costa,//media.ufc.tv/fighter_images/Paulo_Henrique_Costa/BORRACHINHA_PAULO.png
Middleweight,Alessio Di Chirico,/fighter/alessio-di-chirico,//media.ufc.tv/fighter_images/Alessio_DiChrico/DI-CHIRICO_ALESSIO.png
Middleweight,Nick Diaz,/fighter/nick-Diaz,//media.ufc.tv/fighter_images/Nick_Diaz/NickDiaz_Headshot.png
Middleweight,Ramazan Emeev,/fighter/ramazan-Emeev,//media.ufc.tv/fighter_images/Ramazan_Emeev/EMEEV_RAMAZAN.png
Middleweight,Rashad Evans,/fighter/rashad-Evans,//media.ufc.tv/fighter_images/Rashad_Evans/EVANS_RASHAD.png
Middleweight,Cezar Ferreira,/fighter/cezar-Ferreira,//media.ufc.tv/fighter_images/Cezar_Ferreira/FERREIRA_CEZAR.png
Middleweight,Kelvin Gastelum,/fighter/kelvin-Gastelum,//media.ufc.tv/fighter_images/Kelvin_Gastelum/GASTELUM_KELVIN.png
Middleweight,Marcelo Guimaraes,/fighter/marcelo-Guimaraes,//media.ufc.tv/fighter_images/Marcello_Guimaraes/GUIMARAES_MARCELO.png
Middleweight,Uriah Hall,/fighter/uriah-Hall,//media.ufc.tv/fighter_images//Uriah_Hall/1HALL_URIAH.png
Middleweight,Phillip Hawes,/fighter/phillip-Hawes,//media.ufc.tv/fighter_images/Phil_Hawes/HAWES_PHIL.png
Middleweight,Johny Hendricks,/fighter/johny-Hendricks,//media.ufc.tv/fighter_images/Johny_Hendricks/HENDRICKS_JOHNY.png
Middleweight,Jack Hermansson,/fighter/jack-hermansson,//media.ufc.tv/fighter_images/Jack_Hermansson/HERMANSSON_JACK.png
Middleweight,Ryan Janes,/fighter/ryan-janes,//media.ufc.tv/fighter_images/Ryan_Janes/JANES_RYAN.png
Middleweight,Justin Jones,/fighter/justin-Jones,//media.ufc.tv/fighter_images/Justin_Jones/JONES_JUSTIN.png
Middleweight,Krzysztof Jotko,/fighter/krzysztof-Jotko,//media.ufc.tv/fighter_images//Krzystof_Jotko/1JOTKO_KRZYSZTOF.png
Middleweight,Daniel Kelly,/fighter/dan-Kelly,//media.ufc.tv/fighter_images/Dan_Kelly/KELLY_DANIEL.png
Middleweight,Thales Leites,/fighter/thales-Leites,//media.ufc.tv/fighter_images/Thales_Lietes/LEITES_THALES.png
Middleweight,Bevon Lewis,/fighter/bevon-Lewis,//media.ufc.tv/fighter_images/Bevon_Lewis/LEWIS_BEVON.png
Middleweight,Lyoto Machida,/fighter/lyoto-Machida,//media.ufc.tv/fighter_images/Lyoto_Machida/MACHIDA_LYOTO.png
Middleweight,Nate Marquardt,/fighter/nate-Marquardt,//media.ufc.tv/fighter_images/Nate_Marquardt/MARQUARDT_NATE.png
Middleweight,Julian Marquez,/fighter/julian-Marquez,//media.ufc.tv/fighter_images/Julian_Marquez/MARQUEZ_JULIAN.png
Middleweight,Jack Marshman,/fighter/jack-harshman,//media.ufc.tv/fighter_images/Jack_Marshman/MARSHMAN_JACK.png
Middleweight,Gerald Meerschaert,/fighter/gerald-meerschaert,//media.ufc.tv/fighter_images/Gerald_Meerschaert/MEERSCHAERT_GERALD.png
Middleweight,Vitor Miranda,/fighter/vitor-miranda,//media.ufc.tv/fighter_images/Vitor_Miranda/MIRANDA_VITOR.png
Middleweight,Rafael Natal,/fighter/rafael-natal,//media.ufc.tv/fighter_images/Rafael_Natal/205-NATAL_RAFAEL.png
Middleweight,Geoff Neal,/fighter/geoff-Neal,//media.ufc.tv/fighter_images//ComingSoon/comingsoon_headshot_odopod.png
Middleweight,Antonio Braga Neto,/fighter/antonio-Braga-Neto,//media.ufc.tv/fighter_images/Antonio_Braga_Neto/AntonioBragaNeto_Headshot.png
Middleweight,Alex Nicholson,/fighter/alex-nicholson,//media.ufc.tv/fighter_images/Alex_Nicholson/NICHOLSON_ALEX.png
Middleweight,Markus Perez,/fighter/markus-Perez,//media.ufc.tv/fighter_images//ComingSoon/comingsoon_headshot_odopod.png
Middleweight,Jamie Pickett,/fighter/jamie-Pickett,//media.ufc.tv/fighter_images//ComingSoon/comingsoon_headshot_odopod.png
Middleweight,Oskar Piechota,/fighter/oskar-Piechota,//media.ufc.tv/fighter_images/Oskar_Piechota/PIECHOTA_OSKAR.png
Middleweight,Karl Roberson,/fighter/karl-Roberson,//media.ufc.tv/fighter_images/Karl_Roberson/ROBERSON_KARL.png
Middleweight,Luke Rockhold,/fighter/luke-Rockhold,//media.ufc.tv/fighter_images//Luke_Rockhold/1ROCKHOLD_LUKE.png
Middleweight,Yoel Romero,/fighter/yoel-Romero,//media.ufc.tv/fighter_images/Yoel_Romero/ROMERO_YOEL.png
Middleweight,Josh Samman,/fighter/josh-Samman,//media.ufc.tv/fighter_images/Josh_Samman/SAMMAN_JOSH.png
Middleweight,Andrew Sanchez,/fighter/andrew-sanchez,//media.ufc.tv/fighter_images/Andrew_Sanchez/SANCHEZ_ANDREW.png
Middleweight,Thiago Santos,/fighter/thiago-Santos,//media.ufc.tv/fighter_images/Thiago_Santos/SANTOS_THIAGO.png
Middleweight,Bradley Scott,/fighter/brad-scott,//media.ufc.tv/fighter_images/Bradley_Scott/SCOTT_BRADLEY.png
Middleweight,Anderson Silva,/fighter/anderson-Silva,//media.ufc.tv/fighter_images/Anderson_Silva/SILVA_ANDERSON.png
Middleweight,Anthony Smith,/fighter/anthony-Smith,//media.ufc.tv/fighter_images//Anthony_Smith/1SMITH_ANTHONY.png
Middleweight,Trevor Smith,/fighter/trevor-Smith,//media.ufc.tv/fighter_images//Trevor_Smith/SMITH_TREVOR.png
Middleweight,Ronaldo Souza,/fighter/ronaldo-Souza,//media.ufc.tv/fighter_images//Ronaldo_Souza/SOUZA_JACARE.png
Middleweight,Eric Spicely,/fighter/eric-spicely,//media.ufc.tv/fighter_images/Eric_Sicely/SPICELY_ERIC_212.png
Middleweight,Georges St-Pierre,/fighter/georges-St-Pierre,//media.ufc.tv/fighter_images/Georges_St-Pierre/ST-PIERRE_GEORGES.png
Middleweight,Darren Stewart,/fighter/darren-Stewart,//media.ufc.tv/fighter_images/Darren_Stewart/STEWART_DARREN.png
Middleweight,Brad Tavares,/fighter/brad-Tavares,//media.ufc.tv/fighter_images/Brad_Tavares/TAVARES_BRAD.png
Middleweight,Jesse Taylor,/fighter/jesse-Taylor,//media.ufc.tv/fighter_images/Jesse_Taylor/TAYLOR_JESSE.png
Middleweight,Elias Theodorou,/fighter/elias-theodorou,//media.ufc.tv/fighter_images/Elias_Theodorou/THEODOROU_ELIAS.png
Middleweight,Alberto Uda,/fighter/alberto-uda,//media.ufc.tv/fighter_images/Alberto_Uda/UDA_ALBERTO.png
Middleweight,Marvin Vettori,/fighter/marvin-vettori,//media.ufc.tv/fighter_images/Marvin_Vettori/VETTORI_MARVIN.png
Middleweight,Chase Waldon,/fighter/chase-Waldon,//media.ufc.tv/fighter_images/Chase_Walden/WALDON_CHASE.png
Middleweight,Randall Wallace,/fighter/randall-Wallace,//media.ufc.tv/fighter_images/Randall_Wallace/Wallace-3.png
Middleweight,Chris Weidman,/fighter/chris-Weidman,//media.ufc.tv/fighter_images/Chris_Weidman/210-WEIDMAN_CHRIS.png
Middleweight,Robert Whittaker,/fighter/robert-whittaker,//media.ufc.tv/fighter_images/Robert_Whittaker/WHITTAKER_ROBERT.png
Middleweight,Rob Wilkinson,/fighter/rob-Wilkinson,//media.ufc.tv/fighter_images/Rob_Wilkinson/WILKINSON_ROB.png
Middleweight,Jonathan Wilson,/fighter/jonathan-wilson,//media.ufc.tv/fighter_images/Jonathan_Wilson/WILSON_JONATHAN.png
Light_Heavyweight,Corey Anderson,/fighter/corey-anderson,//media.ufc.tv/fighter_images/Corey_Anderson/ANDERSON_COREY.png
Light_Heavyweight,Gadzhimurad Antigu...,/fighter/gadzhimurad-Antigulov,//media.ufc.tv/fighter_images/Gadzhimurad_Antigulov/ANTIGULOV_GADZHIMURAD_211.png
Light_Heavyweight,Francimar Barroso,/fighter/francimar-Barroso,//media.ufc.tv/fighter_images/Francimar_Barrosa/BARROSO_FRANCIMAR.png
Light_Heavyweight,Anton Berzin,/fighter/anton-berzin,//media.ufc.tv/fighter_images/Anton_Berzin/BERZIN_ANTON.png
Light_Heavyweight,Jan Blachowicz,/fighter/jan-Blachowicz,//media.ufc.tv/fighter_images/Jan_Blachowicz/BLACHOWICZ_JAN.png
Light_Heavyweight,James Bochnovic,/fighter/james-Bochnovic,//media.ufc.tv/fighter_images/james_bochnovic/BOCHNOVIC_JAMES.png
Light_Heavyweight,Steve Bosse,/fighter/steve-Bosse,//media.ufc.tv/fighter_images/Steve_Bosse/BOSSE_STEVE.png
Light_Heavyweight,Jared Cannonier,/fighter/jared-cannonier,//media.ufc.tv/fighter_images/Jared_Cannonier/CANNONIER_JARED2.png
Light_Heavyweight,Joachim Christensen,/fighter/joachim-christensen,//media.ufc.tv/fighter_images/Joaquim_Christensen/CHRISTENSEN_JOACHIM_211.png
Light_Heavyweight,Misha Cirkunov,/fighter/misha-cirkunov,//media.ufc.tv/fighter_images/Misha_Cirkunov/CIRKUNOV_MISHA.png
Light_Heavyweight,Devin Clark,/fighter/devin-clark,//media.ufc.tv/fighter_images/Devin_Clark/CLARK_DEVIN.png
Light_Heavyweight,Jake Collier,/fighter/jake-collier,//media.ufc.tv/fighter_images/Jake_Collier/COLLIER_JAKE.png
Light_Heavyweight,Daniel Cormier,/fighter/daniel-Cormier,//media.ufc.tv/fighter_images/Daniel_Cormier/DanielCormier_Headshot.png
Light_Heavyweight,Paul Craig,/fighter/paul-craig,//media.ufc.tv/fighter_images/Paul_Craig/CRAIG_PAUL.png
Light_Heavyweight,Patrick Cummins,/fighter/patrick-Cummins,//media.ufc.tv/fighter_images/Patrick_Cummins/210-CUMMINS_PATRICK.png
Light_Heavyweight,Ion Cutelaba,/fighter/ion-cutelaba,//media.ufc.tv/fighter_images/Ion_Cutelaba/CUTELABA_ION.png
Light_Heavyweight,Henrique da Silva,/fighter/luiz-henrique-da-silva,//media.ufc.tv/fighter_images//Luiz_Henrique-Da-Silva/1DA_SILVA_HENRIQUE.png
Light_Heavyweight,Angel De Anda,/fighter/angel-De-Anda,//media.ufc.tv/fighter_images/Angel_Deanda/DEANDA_ANGEL.png
Light_Heavyweight,Marcos Rogerio De ...,/fighter/marcus-rogerio-de-lima,//media.ufc.tv/fighter_images/Marcos_Rogerio_De_Lima/ROGERIO-DE-LIMA_MARCOS.png
Light_Heavyweight,CB Dollaway,/fighter/CB-Dollaway,//media.ufc.tv/fighter_images/CB_Dollaway/DOLLOWAY_CB2.png
Light_Heavyweight,Abdul-Kerim Edilov,/fighter/abdul-kerim-edilov,//media.ufc.tv/fighter_images/Abdul_Kerim_Edilov/EDILOV_ABDUL_KERIM.png
Light_Heavyweight,Marcel Fortuna,/fighter/marcel-Fortuna,//media.ufc.tv/fighter_images/Marcel_Fortuna/FORTUNA_MARCEL.png
Light_Heavyweight,Trevin Giles,/fighter/trevin-Giles,//media.ufc.tv/fighter_images/trevin_giles/GILES_TREVIN.png
Light_Heavyweight,Alexander Gustafss...,/fighter/alexander-Gustafsson,//media.ufc.tv/fighter_images/Alexander_Gustafsson/GUSTAFSSON_ALEXANDER_stockholm.png
Light_Heavyweight,Ed Herman,/fighter/ed-Herman,//media.ufc.tv/fighter_images/Ed_Herman/HERMAN_ED2.png
Light_Heavyweight,Jordan Johnson,/fighter/jordan-Johnson,//media.ufc.tv/fighter_images/Jordan_Johnson/JOHNSON_JORDAN.png
Light_Heavyweight,Daniel Jolly,/fighter/daniel-Jolly,//media.ufc.tv/fighter_images/Daniel_Jolly/JOLLY_DANIEL_ContederSeries.png
Light_Heavyweight,Jamelle Jones,/fighter/jamelle-Jones,//media.ufc.tv/fighter_images/Jamelle_Jones/JONES_JAMELLE.png
Light_Heavyweight,Jon Jones,/fighter/jon-Jones,//media.ufc.tv/fighter_images/Jon_Jones/JONES_JON.png
Light_Heavyweight,Jeremy Kimball,/fighter/jeremy-Kimball,//media.ufc.tv/fighter_images/Jeremy_Kimball/KIMBALL_JEREMY.png
Light_Heavyweight,Ilir Latifi,/fighter/ilir-Latifi,//media.ufc.tv/fighter_images/Ilir_Latifi/LATIFI_ILIR.png
Light_Heavyweight,Tom Lawlor,/fighter/tom-Lawlor,//media.ufc.tv/fighter_images/Tom_Lawlor/LAWLER_TOM.png
Light_Heavyweight,Jimi Manuwa,/fighter/jimi-Manuwa,//media.ufc.tv/fighter_images/Jimi_Manuwa/MANUWA_JIMI.png
Light_Heavyweight,Alonzo Menifield,/fighter/alonzo-Menifield,//media.ufc.tv/fighter_images/Alonzo_Menifield/MENIFIELD_ALONZO.png
Light_Heavyweight,Azamat Murzakanov,/fighter/azamat-Murzakanov,//media.ufc.tv/fighter_images//ComingSoon/comingsoon_headshot_odopod.png
Light_Heavyweight,Antonio Rogerio No...,/fighter/antonio-Rogerio-Nogueira,//media.ufc.tv/fighter_images//Antonio_Nogueira/NOGUEIRA_ROGERIO.png
Light_Heavyweight,Kennedy Nzechukwu,/fighter/kennedy-Nzechukwu,//media.ufc.tv/fighter_images/Kennedy_Nzechukw/NZECHUKWU_KENNEDY.png
Light_Heavyweight,Volkan Oezdemir,/fighter/volkan-Oezdemir,//media.ufc.tv/fighter_images/Volkan_Oezdemir/OEZDEMIR_VOLKAN.png
Light_Heavyweight,Yushin Okami,/fighter/yushin-Okami,//media.ufc.tv/fighter_images//Yushin_Okami/1OKAMI_YUSHIN.png
Light_Heavyweight,Michal Oleksiejczuk,/fighter/michael-Oleksiejczuk,//media.ufc.tv/fighter_images/Michael_Oleksiejczuk/OLEKSIEJCZUK_MICHAL.png
Light_Heavyweight,Cameron Olson,/fighter/cameron-Olson,//media.ufc.tv/fighter_images/Cameron_Olson/OLSON_CAMERON.png
Light_Heavyweight,Tyson Pedro,/fighter/tyson-pedro,//media.ufc.tv/fighter_images/Tyson_Pedro/PEDRO_TYSON.png
Light_Heavyweight,John Phillips,/fighter/john-phillips,//media.ufc.tv/fighter_images//ComingSoon/comingsoon_headshot_odopod.png
Light_Heavyweight,Igor Pokrajac,/fighter/igor-Pokrajac,//media.ufc.tv/fighter_images/Igor_Pokrajac/POKRAJAK_IGOR.png
Light_Heavyweight,Aleksandar Rakic,/fighter/aleksandar-Rakic,//media.ufc.tv/fighter_images/Aleksandar_Rakic/RAKIC_ALEKSANDAR.png
Light_Heavyweight,Karl Reed,/fighter/karl-Reed,//media.ufc.tv/fighter_images/Karl_Reed/REED_KARL.png
Light_Heavyweight,Dominick Reyes,/fighter/dominick-Reyes,//media.ufc.tv/fighter_images/Dominick_Reyes/REYES_DOMINICK.png
Light_Heavyweight,Michael Rodriguez,/fighter/michael-Rodriguez,//media.ufc.tv/fighter_images/Michael_Rodriguez/RODRIGUEZ_MIKE.png
Light_Heavyweight,Nick Roehrick,/fighter/nick-Roehrick,//media.ufc.tv/fighter_images/Nick_Roehrick/ROEHRICK_NICK.png
Light_Heavyweight,Khalil Rountree Jr.,/fighter/khalil-rountree,//media.ufc.tv/fighter_images/Khalill_Rountree/ROUNTREE_KHALIL.png
Light_Heavyweight,Mauricio Rua,/fighter/mauricio-Rua,//media.ufc.tv/fighter_images//Mauricio_Rua/RUA_MAURICIO.png
Light_Heavyweight,Saparbek Safarov,/fighter/saparbek-safarov,//media.ufc.tv/fighter_images/Saparbek_Safarov/SAFAROV_SAPARBEK.png
Light_Heavyweight,Ovince Saint Preux,/fighter/ovince-St-Preux,//media.ufc.tv/fighter_images/Ovince_Saint_Preux/SAINT_PREUX_OVINCE.png
Light_Heavyweight,Gokhan Saki,/fighter/gokhan-Saki,//media.ufc.tv/fighter_images//Gokhan_Saki/1SAKI_GOKHAN.png
Light_Heavyweight,Ryan Spann,/fighter/ryan-Spann,//media.ufc.tv/fighter_images/Ryan_Spann/SPANN_RYAN.png
Light_Heavyweight,Daniel Spohn,/fighter/daniel-Spohn,//media.ufc.tv/fighter_images/Daniel-Spohn/SPOHN_DAN.png
Light_Heavyweight,Joshua Stansbury,/fighter/joshua-stansbury,//media.ufc.tv/fighter_images/Joshua_Stansbury/STANSBURY_JOSHUA.png
Light_Heavyweight,Glover Teixeira,/fighter/glover-Teixeira,//media.ufc.tv/fighter_images/Glover_Texeira/TEIXEIRA_GLOVER_stockholm.png
Light_Heavyweight,Elias Urbina,/fighter/elias-urbina,//media.ufc.tv/fighter_images/Elias_UrbinaUSE/URBINA_ELIAS.png
Light_Heavyweight,Gian Villante,/fighter/gian-Villante,//media.ufc.tv/fighter_images/Gian_Villante/VILLANTE_GIAN.png
Heavyweight,Shamil Abdurakhimov,/fighter/shamil-abdurakhimov,//media.ufc.tv/fighter_images/Shamil_Abdurakihimov/ABDURAKHIMOV_SHAMIL.png
Heavyweight,Junior Albini,/fighter/junior-Albini,//media.ufc.tv/fighter_images/junior_albini/ALBINI_JUNIOR.png
Heavyweight,Zu Anyanwu,/fighter/zu-Anyanwu,//media.ufc.tv/fighter_images//Zu_Anyanwu/ANYANWU_ZU.png
Heavyweight,Andrei Arlovski,/fighter/andrei-Arlovski,//media.ufc.tv/fighter_images/Andrei_Arlovski/ARLOVSKI_ANDREI.png
Heavyweight,Cyril Asker,/fighter/cyril-asker,//media.ufc.tv/fighter_images/Cyril_Asker/ASKER_CYRIL.png
Heavyweight,Josh Barnett,/fighter/josh-Barnett,//media.ufc.tv/fighter_images/Josh_Barnett/BARNETT_JOSH.png
Heavyweight,Curtis Blaydes,/fighter/curtis-Blaydes,//media.ufc.tv/fighter_images/Curtis_Blaydes/BLAYDES_CURTIS.png
Heavyweight,Travis Browne,/fighter/travis-Browne,//media.ufc.tv/fighter_images/Travis_Browne/BROWNE_TRAVIS.png
Heavyweight,Christian Colombo,/fighter/christian-colombo,//media.ufc.tv/fighter_images/Christian_Colombo/COLOMBO_CHRISTIAN.png
Heavyweight,Rashad Coulter,/fighter/rashad-Coulter,//media.ufc.tv/fighter_images/Rashad_Coulter/COULTER_RASHAD.png
Heavyweight,Allen Crowder,/fighter/allen-Crowder,//media.ufc.tv/fighter_images/Allen_Crowder/CROWDER_ALLEN.png
Heavyweight,Jarjis Danho,/fighter/jarjis-Danho,//media.ufc.tv/fighter_images/Jaris_Danho/DANHO_JARIS.png
Heavyweight,Chris De La Rocha,/fighter/chris-de-la-rocha,//media.ufc.tv/fighter_images/Chris_De_La_Rocha/DE-LA-ROCHA_CHRIS.png
Heavyweight,Junior Dos Santos,/fighter/junior-Dos-Santos,//media.ufc.tv/fighter_images/Junior_Dos_Santos/DOS-SANTOS_JUNIOR_211.png
Heavyweight,Todd Duffee,/fighter/todd-Duffee,//media.ufc.tv/fighter_images/Todd_Duffee/DUFFEE_TODD_AD.png
Heavyweight,Carlos Felipe,/fighter/carlos-Felipe,//media.ufc.tv/fighter_images//ComingSoon/comingsoon_headshot_odopod.png
Heavyweight,Mark Godbeer,/fighter/mark-godbeer,//media.ufc.tv/fighter_images/Mark_Godbeer/GODBEER_MARK.png
Heavyweight,Marcelo Golm,/fighter/marcelo-Golm,//media.ufc.tv/fighter_images/Marcelo_Golm/GOLM_MARCELO.png
Heavyweight,Damian Grabowski,/fighter/damian-Grabowski,//media.ufc.tv/fighter_images/Damain_Grabowski/GRABOWSKI_DAMIAN.png
Heavyweight,Shelton  Graves,/fighter/shelton-Graves,//media.ufc.tv/fighter_images/Shelton_Graves/GRAVES_SHELTON.png
Heavyweight,Anthony Hamilton,/fighter/anthony-Hamilton,//media.ufc.tv/fighter_images//Anthony_Hamilton/1HAMILTON_ANTHONY.png
Heavyweight,Walt Harris,/fighter/walt-Harris,//media.ufc.tv/fighter_images/Walt_Harris/HARRIS_WALT.png
Heavyweight,Luis Henrique,/fighter/luis-henrique,//media.ufc.tv/fighter_images/Luiz_Henrique/HENRIQUE_LUIS.png
Heavyweight,Mark Hunt,/fighter/mark-hunt,//media.ufc.tv/fighter_images/Mark_Hunt/HUNT_MARK.png
Heavyweight,Timothy Johnson,/fighter/timothy-johnson,//media.ufc.tv/fighter_images/Timothy_Johnson/JOHNSON_TIM.png
Heavyweight,Justin Ledet,/fighter/justin-ledet,//media.ufc.tv/fighter_images//Justin_Ledet/1LEDET_JUSTIN.png
Heavyweight,Derrick Lewis,/fighter/derrick-Lewis,//media.ufc.tv/fighter_images/Derrick_Lewis/LEWIS_DERRICK.png
Heavyweight,Ruslan Magomedov,/fighter/ruslan-Magomedov,//media.ufc.tv/fighter_images/Ruslan_Magomedov/MAGOMEDOV_RUSLAN.png
Heavyweight,Don'Tale Mayes,/fighter/don-Tale-Mayes,//media.ufc.tv/fighter_images/Dontale_Mayes/MAYES_DONTALE.png
Heavyweight,Bojan Mihajlovic,/fighter/bojan-mihajlovic,//media.ufc.tv/fighter_images/Bojan_Mihajlovic/MIHAJLOVIC_BOJAN.png
Heavyweight,Adam Milstead,/fighter/adam-milstead,//media.ufc.tv/fighter_images/Adam_Milstead/MILSTEAD_ADAM.png
Heavyweight,Stipe Miocic,/fighter/stipe-Miocic,//media.ufc.tv/fighter_images/Stipe_Miocic/MIOCIC_STIPE_BELT_S_211.png
Heavyweight,Frank Mir,/fighter/frank-Mir,//media.ufc.tv/fighter_images//Frank_Mir/MIR_FRANK_AC.png
Heavyweight,James Mulheron,/fighter/james-Mulheron,//media.ufc.tv/fighter_images/James_Mulheron/MULHERON_JAMES.png
Heavyweight,Roy Nelson,/fighter/roy-Nelson,//media.ufc.tv/fighter_images/Roy_Nelson/NELSON_ROY.png
Heavyweight,Francis Ngannou,/fighter/francis-ngannou,//media.ufc.tv/fighter_images/Francis_Ngannou/NGANNOU_FRANCIS.png
Heavyweight,Aleksei Oleinik,/fighter/oleksiy-Oliynyk,//media.ufc.tv/fighter_images/Aleskei_Oleinik/OLEINIK_ALEKSEI.png
Heavyweight,Daniel Omielanczuk,/fighter/daniel-Omielanczuk,//media.ufc.tv/fighter_images/Daniel_Omielanczuk/OMIELANCZUK_DANIEL.png
Heavyweight,Alistair Overeem,/fighter/alistair-Overeem,//media.ufc.tv/fighter_images/Alistair_Overeem/OVEREEM_ALISTAIR.png
Heavyweight,Dmitry Poberezhets,/fighter/dmitry-Poberezhets,//media.ufc.tv/fighter_images//ComingSoon/comingsoon_headshot_odopod.png
Heavyweight,Greg Rebello,/fighter/greg-rebello,//media.ufc.tv/fighter_images/Greg_Rebello/REBELLO_GREG.png
Heavyweight,Ben Rothwell,/fighter/ben-Rothwell,//media.ufc.tv/fighter_images/Ben_Rothwell/ROTHWELL_BEN.png
Heavyweight,Chase Sherman,/fighter/chase-sherman,//media.ufc.tv/fighter_images/Chase_Sherman/SHERMAN_CHASE.png
Heavyweight,Everett Sims,/fighter/everett-Sims,//media.ufc.tv/fighter_images/Everett_Sims/SIMS_EVERETT.png
Heavyweight,Arjan Singh Bhullar,/fighter/arjan-Bhullar,//media.ufc.tv/fighter_images/Arjan_Bhullar/BHULLAR_ARJAN.png
Heavyweight,Dmitrii Smoliakov,/fighter/dmitry-smolyakov,//media.ufc.tv/fighter_images/Dimitry_Smolyavko/SMOLYAVKO_DIMITRY.png
Heavyweight,Dmitriy Sosnovskiy,/fighter/dmitriy-Sosnovskiy,//media.ufc.tv/fighter_images//ComingSoon/comingsoon_headshot_odopod.png
Heavyweight,Daniel Spitz,/fighter/daniel-spitz,//media.ufc.tv/fighter_images//Daniel_Spitz/1SPITZ_DANIEL.png
Heavyweight,Stefan Struve,/fighter/stefan-Struve,//media.ufc.tv/fighter_images//Stefan_Struve/STRUVE_STEFAN.png
Heavyweight,Tai Tuivasa,/fighter/tai-Tuivasa,//media.ufc.tv/fighter_images/Tai_Tuivasa/TUIVASA_TAI.png
Heavyweight,Marcin Tybura,/fighter/marcin-tybura,//media.ufc.tv/fighter_images/Marcin_Tybura/TYBURA_MARCIN.png
Heavyweight,Cain Velasquez,/fighter/cain-Velasquez,//media.ufc.tv/fighter_images//Cain_Velasquez/VELASQUEZ_CAIN.png
Heavyweight,Alexander Volkov,/fighter/alexander-volkov,//media.ufc.tv/fighter_images/Alexander_Volkov/VOLKOV_ALEXANDER.png
Heavyweight,Fabricio Werdum,/fighter/fabricio-Werdum,//media.ufc.tv/fighter_images/Fabricio_Werdum/WERDUM_FABRICIO.png
Heavyweight,Adam Wieczorek,/fighter/adam-Wieczorek,//media.ufc.tv/fighter_images/Adam_Wieczorek/WIECZOREK_ADAM.png
Heavyweight,Justin Willis,/fighter/justin-Willis,//media.ufc.tv/fighter_images/Justin_Willis/WILLIS_JUSTIN_NEW.png
Heavyweight,Hu Yaozong,/fighter/yaozong-Hu,//media.ufc.tv/fighter_images/Yaozong_Hu/HU_YAOZONG.png
